packet_size,flow_duration,request_frequency,token_entropy,geo_velocity,trust_score,label
417,2.158366747341456,3,7.452021438703582,8.51137700297365,85,0
548,1.2403468918865301,5,7.559929536819403,4.125901994581022,80,0
400,2.494585607670106,6,7.633441400557267,3.0701267059993738,82,0
467,2.150849788455031,6,7.938849370002576,5.065521193133053,69,0
481,5.790611282420432,5,7.469120882291073,15.58121938097344,77,0
701,3.574515359822444,4,7.499571676657188,8.771366639426434,81,0
514,0.21387970694407432,9,7.043211947299112,0.4348295975061783,71,0
564,0.9589593947284812,6,7.56469034872665,15.336894269540256,96,0
731,2.2628099836047304,3,7.458106392503959,2.120685706168037,64,0
635,1.5525325298136863,6,7.475386560924367,6.709972643356795,86,0
127,1.3718049121245501,3,7.895717255221839,2.9304259291675927,96,0
430,0.45465607505599615,5,7.644373564760922,14.469828635407955,68,0
327,1.78478236684652,5,7.44060080765354,31.165168614582157,75,0
548,0.5334119119597951,8,7.690962378757692,23.96251260737347,87,0
588,2.0544051745311083,8,7.883875486754812,9.020102198330543,92,0
346,1.9171200853449122,5,7.587672881910004,14.045256579840961,80,0
807,1.0897817721500402,8,7.138647926434163,2.151258308486704,66,0
204,1.3866258534262672,4,7.336749960068044,43.98528702011836,100,0
507,2.6884399363609925,10,7.4100868825879225,26.895315365353053,80,0
662,0.600308904997482,5,7.416869275091694,6.26187166443874,88,0
556,1.8224815396273875,2,7.586678457291528,10.875360440869233,85,0
565,4.408334350152652,6,7.5504348542277855,11.353535159456579,62,0
526,1.3206617339344273,8,6.969328273591527,8.964469000864225,79,0
486,2.254154841278024,6,7.505694422586715,2.631117786191725,81,0
543,1.7469249737797667,3,7.669572987711635,19.476446380473906,95,0
383,3.311731525499676,2,7.548002441221799,0.779350662911355,81,0
395,2.0202565799374175,4,7.647862827356326,2.1784394189222867,79,0
376,0.1628959948929354,5,7.810760515861883,4.105889741136497,84,0
175,0.09766765744980567,7,7.82104875200924,15.657423432528159,83,0
359,0.04399167500362608,7,7.228048248445278,2.4038624659992194,72,0
465,4.414536051860183,5,7.315190863725518,33.597638929352385,79,0
691,2.518053700167244,4,7.487634899725395,19.888749003377967,77,0
229,0.4790943193624091,6,7.174786489885028,26.046271075425462,75,0
404,3.007125206647588,1,7.346513384888996,5.069249274066876,72,0
348,1.6747781107959672,11,7.460982104047026,4.2306720619716645,81,0
265,3.2228005576036574,3,7.345604200457585,4.784902532692421,69,0
657,0.07083790959623326,6,7.285559088867869,27.257500326570643,88,0
806,3.366127484875769,4,7.3108425648953625,11.369578517837702,80,0
556,2.6768079421617963,7,7.578224300043431,2.220111334882408,98,0
561,0.5306531448088614,1,7.8138033994688385,2.531973197855091,77,0
415,2.697196118225865,8,7.555493416360837,0.24134263033378842,75,0
757,0.3716700112868895,8,7.628960797792615,18.91945909932041,79,0
515,4.495558381088082,5,7.591123150927394,0.5298423362709332,100,0
713,1.2405230944672583,2,7.797507371212655,10.665857893597169,74,0
608,1.5049930919820111,3,7.513071573017059,3.3653230688269358,91,0
735,0.07158644380153276,4,7.533217594338471,3.592642944412523,77,0
739,2.491806878987131,7,7.465276849367674,17.457958967648807,82,0
339,4.664923251661506,9,7.163192698561867,4.860210841393377,90,0
543,0.2080188228223119,3,7.622193530294022,7.3596126462578715,86,0
574,3.28029500521693,4,7.417892449962837,4.750704793054135,80,0
597,1.1858976652579014,8,7.605769999914029,0.21050823646289724,80,0
710,0.5425924338058509,4,7.567355050588766,3.1952631871549713,79,0
700,5.247032001777183,2,7.522119247214993,3.9386662038744946,79,0
542,0.3252186255322207,1,7.157875940434652,6.278513540207062,74,0
501,0.8187546767959742,3,7.606791427761468,9.496045518698773,71,0
213,0.013425002836830398,8,7.763930737525877,1.6194428333425677,84,0
531,1.6936198308375172,7,7.4605652784825836,7.8080350986979585,84,0
637,0.7615769980945074,3,7.279182397690658,2.2829644567212295,70,0
583,4.829150817771645,4,7.78296931271321,9.800767979480444,71,0
512,0.24482912641089644,2,7.57841125756042,15.440314992492342,86,0
630,0.324971741654859,3,7.681353793754812,8.882125751825315,69,0
525,2.4488953291018136,4,7.72198450646182,11.880826121986152,86,0
242,0.30331828855870807,2,7.613963118228495,6.771287723553591,88,0
513,5.362995406242658,7,7.4217873681872835,2.8434760910590677,70,0
462,11.356237870631318,5,7.392259599982779,11.551552298601413,79,0
826,2.4568576514908353,11,7.8691202346553055,17.045786145950693,89,0
458,12.391594158084075,5,7.40316094858179,9.598722795889904,73,0
401,1.473032004770118,6,7.632765916952764,3.6601189523174886,74,0
411,1.0960432802276925,3,7.793503808260317,9.524895788054058,89,0
343,3.2263195953202772,8,7.7826456594628235,45.52391683664525,75,0
240,1.005770626846781,6,7.193004726505992,27.772810507982292,79,0
391,5.217032746499509,2,7.370754045295647,10.51582704687333,68,0
573,0.6333944874007829,4,7.569631813928935,2.32462633971882,80,0
587,2.2040484044955027,4,7.715995844555628,7.861437945882798,87,0
555,0.6674530276820327,3,7.581311976534373,1.3409594028613254,72,0
761,0.9696716526337722,1,7.3517254222615165,10.848877779599198,80,0
661,0.4950613316319142,3,7.778174867039364,4.897031394605967,54,0
593,2.794780909454339,5,7.504354916875839,3.829295404790049,63,0
574,0.06406329815434281,10,7.503368098902845,14.045466357911058,90,0
501,0.0427073697374776,9,7.333685075940037,1.261764779977474,69,0
485,0.21214900226771555,4,7.437082929065135,33.74252788821623,77,0
903,1.752913408250209,4,7.71453876040563,14.879568152240257,87,0
145,1.7436326481013713,2,7.685559667555662,0.33359648853552004,84,0
679,2.278544591873774,2,7.555297892186973,11.836007150694739,81,0
569,1.9578305700161114,6,7.498638480884988,7.468182866694355,88,0
503,1.7747584795758966,4,7.708744582785422,24.466787978093798,86,0
641,0.8557796464999927,3,7.744176716758359,2.237422599367193,86,0
520,0.27791243886940503,5,7.454730218178881,4.464470136167955,70,0
549,1.5207248525172414,5,7.332106378722608,9.508478445436863,70,0
631,3.6630949414220435,11,7.384029552159126,2.123852402197311,100,0
390,1.4798847749233257,3,7.482950121932597,6.526505964532602,81,0
410,1.0191306487284861,5,7.713359591227903,10.377508715300461,46,0
398,0.9725144431796194,11,7.909948740758573,0.2153486313439944,64,0
395,1.5308010796426312,7,7.207030059160799,3.287665367501949,76,0
362,4.1024073202859945,3,7.5792236488667974,34.456320148618794,81,0
457,0.7113645302776951,6,7.567004900003014,15.891424389880708,61,0
503,1.4110698267516888,1,7.169992177828538,3.7041578364894683,74,0
606,0.8231556816919547,9,7.59999126459493,0.17644095899483248,72,0
371,2.4386609824381034,10,7.838971662616416,44.20551676124822,75,0
283,5.829971327519027,6,7.472050953098861,0.981341451721124,71,0
353,0.10823528579066032,5,7.349842487813211,7.6315552808858875,84,0
710,0.0523599720393452,3,7.288869871534497,6.625148681359145,74,0
467,7.090924323354198,5,7.029155748281915,7.881775341700429,71,0
358,0.16715017512078972,3,7.59389191199136,3.7657572298225728,85,0
655,0.3703068279488008,3,7.80612727379495,3.769847763515646,83,0
514,1.2317942716616803,3,7.503933528093072,5.962249481823482,97,0
541,1.6237455388685595,6,7.011874558239434,18.004600456511398,85,0
518,2.5346468380471885,9,7.674724190281477,16.105200531735694,71,0
612,3.267544973617009,6,7.281337890201636,8.855166170687431,97,0
404,0.7867568197901507,5,7.681149475310314,23.597758007342865,58,0
523,7.036101610030328,3,7.524189733219584,30.8461000046063,79,0
411,1.6489323241777565,6,7.793426769603852,9.360203040686777,77,0
537,0.8067873619027085,7,7.306153836284038,5.427964432971288,71,0
359,1.5452273626103756,12,7.182509684036629,7.922695017011131,91,0
489,1.1842198131373916,4,7.435916181721651,0.6362591869824906,63,0
663,0.02076402696381359,4,7.364700819640494,1.8788429531420994,75,0
513,7.114123377133346,6,7.784985792039825,2.0167955399686366,71,0
470,5.520597512622609,6,7.573531750463363,1.2212394185746647,87,0
409,0.19265122810164462,3,7.001888912415554,2.681441071761464,86,0
402,2.908976470550759,9,7.512347999138358,6.306563542801905,90,0
468,0.9227670505385234,5,7.51763249455123,4.038833189043207,90,0
710,0.9694659453200382,9,7.741788350196996,7.637722793575685,77,0
787,1.8865347659939837,5,7.638689398476161,0.7586928092825519,78,0
798,0.9785533785712476,8,7.527450826618032,62.80656436928443,73,0
454,1.3440301495453453,6,7.6025675726600825,18.96772515946456,91,0
657,0.9203996755089797,6,7.897864277576419,4.257208226721285,57,0
376,1.052278994075338,2,7.710488259350978,40.12228262737055,85,0
295,0.20591681642331036,5,7.534614730101182,12.69278656909658,75,0
492,4.203944525902469,6,7.737132465738765,4.469318444523729,98,0
308,5.378344231949066,8,7.628391883722264,1.1959341743132241,81,0
824,4.219839944578331,3,7.309833685035026,13.110679226239558,76,0
451,1.5364919240052197,8,7.162165628413422,27.381358950605744,69,0
515,11.129042336273814,11,7.799660696080305,3.241766543704634,81,0
251,1.5706354819503028,5,7.595173013304232,11.921449931045975,83,0
408,0.17442742039751086,5,7.265148922739154,0.8662182271066077,100,0
417,7.315452262263117,5,7.3692087093171965,3.078454920034103,76,0
525,3.445849985515131,7,7.378011150425765,11.744236131498303,74,0
453,1.9996674082744543,4,7.786488768805495,4.403142749351247,87,0
175,0.11969201594260732,2,7.577891980000051,14.914590921455314,77,0
382,0.6076549919928573,5,7.1368588163280124,8.166800589223268,91,0
770,9.069073741149921,7,7.544493805656704,1.2390808388595445,67,0
541,10.386068004930019,2,7.564013317509546,7.049738887844467,80,0
417,3.137812086181503,5,7.716307353039292,7.0715808309598485,79,0
469,3.6399875214919426,11,7.576134953546594,2.0583554494635385,87,0
352,3.3492357309136227,4,7.330730114555005,13.495860604800114,74,0
439,1.8951055948482989,5,7.40418430720289,4.186814793653816,92,0
682,0.7085138341720715,0,7.771452412507039,10.775623619104222,71,0
369,0.9743596936199543,3,7.40315180308229,20.226204706530027,85,0
358,2.0206523933850944,4,7.267433428476231,2.4605604280639968,96,0
673,2.1008363493001614,6,7.320714244567882,6.1645429227121165,90,0
500,5.228139033998306,4,7.320280233584491,4.311228138642917,75,0
357,0.6127107300021064,4,7.617691856766171,31.455030866004137,68,0
295,0.7443921905301923,7,7.503482540374356,1.1791419917919153,68,0
341,1.505400942155492,5,7.332472381946251,3.276784351798952,78,0
320,0.492143773295031,3,7.393526134141062,21.58117018630236,76,0
609,3.8128719580975967,3,7.408983525948726,16.658491921595203,70,0
417,1.8428511045713676,3,7.419571382232316,1.7946868583800326,77,0
477,1.8275057167391895,9,7.170263710214488,0.8155989572565542,74,0
585,3.47113634325516,2,7.62129238523,0.0658369984739258,68,0
653,1.6262385904952152,5,7.577197536089839,14.817856363598318,72,0
667,2.696313679446184,4,7.507564209246599,6.854262204284469,100,0
736,0.8316068435232767,8,7.68693248932036,2.8376065028493263,72,0
616,2.046104245455421,5,7.880428034194862,1.5284293871736336,74,0
579,5.949389369817191,5,7.118656054987443,1.1046045363720178,74,0
153,4.770226047916949,6,7.294536892590373,7.730979718132527,88,0
425,2.2926350173807335,5,7.511309662989929,2.6352445814397205,54,0
678,8.216066935031558,5,7.380033463977076,3.3974681904158484,77,0
650,0.08094211488364407,1,7.297556756707442,5.917427286358791,77,0
312,0.840002974833037,3,7.417985659157212,9.737444027238476,70,0
460,2.874534269155122,7,7.433830302523223,1.8724720695134982,89,0
687,4.129833601385695,5,7.507761708077648,6.718957694764044,91,0
546,4.10792032977784,4,7.628051947969389,1.9001996735330224,71,0
417,1.6906853744384118,6,7.379996345881502,9.305808916107054,76,0
461,4.509449575636889,6,7.740999763350574,14.39010600883327,89,0
574,5.166764108246037,7,7.530973711553042,6.096204670256805,72,0
495,1.7167328703780156,5,7.62453996923294,7.780636018852029,78,0
357,0.31517149805508693,8,7.8575180836291265,0.9529073640562908,67,0
543,1.6457391492182287,7,7.612058750128761,0.717079067068414,72,0
316,0.9712359249830986,4,7.5395919086221115,6.242074768263074,100,0
718,5.078402095504593,2,7.535826476241151,3.232487850434909,92,0
292,2.355162529141232,5,7.292405531476275,2.8585061699829595,74,0
788,0.8638210692620883,2,7.5884280245117814,8.644076052388229,88,0
356,0.6066434359916295,3,7.2168440869189086,18.728131017931794,63,0
615,3.091792539756603,6,7.341761068146103,3.886411614862177,78,0
590,4.973956715194377,5,7.3973336390980675,23.413993406923122,88,0
290,0.08627225135000764,2,7.370578359091529,0.06428928819220561,100,0
495,0.7700536101470513,3,7.5582075329447385,4.389637079496463,76,0
491,3.605652593981652,5,7.620193878014793,16.681394390721486,75,0
385,0.9333718995811962,3,7.555961401093584,13.288563977259907,79,0
330,4.133087763628742,8,7.4074474983616545,2.3353100126570645,64,0
582,1.8856469988487718,8,7.439356324828417,4.687156520104178,60,0
543,7.38510694592438,6,7.294996067838574,16.388896308525556,76,0
459,0.2456507944163017,6,7.6185611887722375,23.016499342718117,84,0
532,4.407679760829808,2,7.367811190250592,0.33880533539820795,88,0
387,0.7230112220341735,6,7.62304921490395,11.509821153099313,100,0
649,3.0712890218223547,3,7.36972093258683,0.6312068348554063,81,0
494,1.088632234777333,2,7.390121653206065,1.5682402300421865,77,0
436,4.155831751811864,6,7.7842559010466585,0.182342648838925,71,0
717,0.9824271568967167,3,7.158580452918222,1.5488855621983455,78,0
735,3.45309561008459,3,7.715074246430322,6.32345301731999,100,0
676,0.02821134098625088,3,7.483727889634138,0.8623001318762322,80,0
430,0.27087577144862074,3,7.611841812283297,0.04565538598473668,93,0
115,3.4735443343481127,8,7.938587735394309,10.537780722347758,72,0
265,1.8804844827867968,4,7.34850308832768,16.011587922148834,85,0
608,1.2428893189182346,3,7.387315079777256,5.250316725203957,84,0
446,3.392261626484338,3,7.385435173668292,0.7676369338301783,77,0
395,0.41752330223948164,4,7.303160864526269,3.568523840196063,84,0
874,0.28113354859380235,4,7.4420429551879455,3.683178264738377,79,0
392,1.780175573329211,6,7.846726844802323,13.006683965134938,87,0
548,0.5412815200775235,6,7.456820884412831,25.58674413105595,86,0
542,0.5412107819947788,3,7.456036639424255,0.28921176385740455,82,0
388,0.883570703734011,5,7.7653904511884635,2.514153611836314,69,0
384,1.937875304535026,8,7.598319817067972,22.87613905614087,94,0
176,1.8752625453648355,6,7.5617990776395025,2.0753019999470843,85,0
730,5.5212393380166835,4,7.961385483519025,2.4054058964184537,79,0
509,3.4016368664075105,4,7.843766279977599,37.05872595549274,72,0
486,1.7466315435079685,4,7.648279593629426,7.319714647135765,76,0
240,0.4347362278109201,5,7.523562616739702,5.269169091504534,79,0
127,2.623146155409574,4,7.2595311165638,0.9970725059678663,76,0
90,1.0121243977851229,5,7.225451218453763,5.140801029184429,90,0
438,12.788425227935496,6,7.522195343333527,0.058377063183186965,76,0
327,1.2708284625822421,2,6.940224021741477,5.193659200495924,84,0
629,2.473429838163257,4,7.149339463613483,18.318829700002656,75,0
560,3.822819950862902,4,7.5365557650795685,16.015417007057938,77,0
257,1.5099076212160614,6,7.592523572677189,4.793306926319475,92,0
491,1.2712997037933804,8,7.7679609653033825,10.680713993072835,71,0
529,2.6554645897489997,10,7.693708856253746,3.9695473058797677,67,0
597,0.8887320209290387,7,7.749123370188408,7.505070790800219,77,0
694,8.27635079863876,7,7.481196883970705,39.9600472938354,89,0
517,0.9211677059457425,7,7.117320774538395,10.20505836813615,89,0
423,4.171687843238115,2,7.610431045939712,2.600070297331603,76,0
353,1.3761555439967803,8,7.4611857344824335,12.550046882821578,79,0
651,0.1657682969172777,5,7.3605422637622455,0.24229147848677388,66,0
700,1.4803697593381386,3,7.375287019185021,8.522064595585096,100,0
600,3.7963293623614707,5,7.1817379259911895,19.108695203567894,92,0
343,6.026504002083383,8,7.757611231217457,39.743516322394285,86,0
190,2.843470695422808,5,7.610241900115631,7.622679993551914,59,0
376,0.00802489495855676,4,7.651374309823669,52.69148283262631,79,0
593,6.2952545724756686,7,7.5244838114977375,2.724499358060723,84,0
515,0.7361311226041459,5,7.452408752138813,25.32670324984413,72,0
605,1.9249114226921977,5,7.671698642037092,4.473304681362153,90,0
902,0.6665737208292375,6,7.714924059151047,2.3166128052201604,89,0
394,2.760231969095294,3,7.450030063142396,75.74701961947287,83,0
467,3.5879051049911355,8,7.830105772872409,6.283252744648084,64,0
787,1.1808091189719705,1,7.232720495718193,26.640981927309056,88,0
813,3.155692749092839,2,7.451841084994058,0.529966838359608,88,0
292,1.8528993625465582,5,7.559585662304238,0.36553952607059315,83,0
645,1.9496955246252847,5,7.254324946680907,12.134571796038925,81,0
697,0.7945234293783581,5,7.348758008484264,0.9485376030267652,60,0
326,1.6006829044404034,7,7.612669759008433,28.54936989143122,82,0
447,0.6558481215774026,2,7.343459575798325,1.981246574566139,88,0
450,0.17808741497346203,3,7.5369486442694935,15.362242165155699,78,0
565,0.4844022920768664,2,7.299190596642178,7.599084858699216,69,0
720,0.28518724247541954,6,7.256563247766911,0.09921298273598113,100,0
598,0.4995257796773977,7,7.829792433031425,15.56005986879107,67,0
501,0.44056623009800927,3,7.594117574107757,5.378461473846446,81,0
394,2.2965695965291757,9,7.63363992157097,24.817958326224627,78,0
597,1.1527898271318329,9,7.490456369005984,12.372907656813332,72,0
613,5.566659851084962,3,7.51018220024413,7.3179188231394985,89,0
751,0.46250559353187704,8,7.597464439814852,13.177298922499608,69,0
718,3.695613715084911,8,7.512408140204746,2.239675486789665,76,0
411,0.012548262598417018,2,7.454177179714417,9.92053743900923,71,0
576,0.6774492198925629,1,7.2349406818916915,11.618838449603956,59,0
325,3.0277802101371125,3,7.5773392179659105,27.85935272057085,95,0
304,0.670918859055896,9,7.614360238822677,5.151817274736985,79,0
588,1.3254554107511474,5,7.361004815103016,5.070377907566933,76,0
764,2.3863685606540606,5,7.5970438525968405,22.084303941816962,79,0
345,0.907033399238835,9,7.649879941694651,2.651262124211224,67,0
359,0.0205514484150648,2,7.429165533539376,0.16504685766700003,98,0
315,3.2742190774759514,9,7.478104997671744,0.10753510665177766,94,0
532,1.6804079982648612,4,7.813431977833265,0.28324482020765573,81,0
574,0.3613431273332082,2,7.522835297449105,4.292811957862258,63,0
433,1.2272911211893247,3,7.865149986768371,1.1518219033629007,79,0
472,1.241371854108699,7,7.428454944438595,8.241877159435235,67,0
479,1.4297881180720484,7,7.608958987960495,1.0723063726571889,72,0
699,0.849410960697022,6,7.551518673452461,6.271313234019904,81,0
489,0.7799694951839931,5,7.5937662926945,8.032939609697799,93,0
418,1.2761691960283152,3,7.378380761695311,9.168822362681052,71,0
664,1.0751991347469272,8,7.673616723409849,16.71151792336509,86,0
572,0.818051002369046,2,7.628155520731905,2.364360096671779,76,0
336,2.377281745363973,7,7.813305034226884,13.122329244304062,63,0
433,1.4885992092136426,7,7.517906918888757,25.787928043397386,92,0
447,5.756128363281998,3,7.280158118667521,16.255792577911677,97,0
622,1.979918673629183,7,7.560041096001902,0.13530526140394822,87,0
383,1.0940006220244205,1,7.607536958575554,12.92017162007475,60,0
496,1.4920693484818806,5,7.069925942332934,9.463926634869042,75,0
220,3.038268703042814,5,7.178171242384859,1.4222047784061485,69,0
585,0.5764993450291506,5,7.344278941297078,22.906169292684687,62,0
308,0.8189848095759963,2,7.160662529428104,6.641859929863729,83,0
284,0.870860198238621,9,7.356323105390044,4.948042590185322,73,0
483,0.24681360293916849,5,7.60595887233758,9.713017254802196,82,0
379,1.0830040101138536,7,7.454278665771697,2.56175515148196,59,0
646,0.2753657507965188,3,7.536367554057725,0.6854702759177329,69,0
507,0.018998379870458913,9,7.597461634022755,6.944131663786487,76,0
607,0.34944818943220574,7,7.647790150082969,0.1957967215886776,85,0
333,0.29422411509221585,6,7.656722762142851,4.335617562202917,79,0
466,0.08944961766827379,5,7.5371356444435795,12.287971471280056,72,0
391,0.24099817658954353,4,7.263644754466811,9.629936053030994,71,0
407,2.3376077744063455,5,7.611010068856954,13.7179401220115,81,0
797,0.39989032293944665,4,7.413603382160764,7.126104855700973,79,0
493,0.5126840399984524,6,7.457951109510088,2.713197921632822,78,0
505,4.916451273614603,7,7.677369647259862,24.76734049252856,68,0
558,0.11259956083263449,7,7.574325366578444,11.984495335383949,84,0
484,3.8900386516107157,0,7.4323264770929685,22.708726495598448,92,0
449,1.400733540178455,4,7.4726064984009595,15.549942299664801,94,0
320,1.2010098071939306,8,7.442314932241198,9.20264518027434,91,0
240,3.6909909433403643,5,7.72558268569492,4.12991692512943,87,0
311,0.2883661536490699,5,7.4590213622722485,4.312251712113458,60,0
456,0.29067318622293964,5,7.712570541014448,4.337515562158407,78,0
458,3.748606697269123,4,7.578638333225303,7.072848170167219,78,0
638,3.548315595521279,2,7.603405538469585,4.916870362453033,86,0
362,1.4811979531128896,6,7.589429357372664,9.164720357499311,78,0
572,3.3595321655220576,6,7.66889706833043,22.48411085972842,69,0
457,2.5591227817107756,2,7.415588345646039,2.1890193195800918,89,0
651,0.14374754422275965,3,7.78193529389093,22.463455457486337,73,0
401,0.14218817633966718,4,7.419533291280084,0.47216501578347714,86,0
743,1.3279526132754103,5,7.456710557641979,19.98501061033941,71,0
571,2.2529328284954375,6,7.700402166381266,20.114174818614718,86,0
449,0.3035811864033686,5,7.415882221661179,5.612254719718766,64,0
529,1.3579483733350857,3,7.131486532407829,2.7378743761792923,81,0
491,1.459017109880419,8,7.471071126752124,6.041620716105721,63,0
510,0.9624528082982721,6,7.798965521864339,19.413340306169808,66,0
614,2.1054368236329064,10,7.624465327853212,0.2219301032939733,76,0
581,1.0254538612235735,3,7.59797352906522,3.6430192624045112,74,0
620,2.1864627588272567,5,7.423496495578056,4.207375285629912,72,0
612,0.20232180423697285,7,7.247281557137361,6.69046776333912,80,0
606,0.6053017428174183,7,7.569975003081622,32.428833244027125,70,0
392,0.5111771963668411,8,7.229979574810569,4.664342782614538,86,0
703,0.13210186930493964,1,7.236766600392045,7.399950441500147,78,0
456,0.9886598041293132,3,7.587222471243316,2.333191266613584,85,0
531,0.7164234760311299,2,7.259129464493725,1.5577199363007364,80,0
530,0.948373063692482,2,7.171539932768549,0.20348836414218124,89,0
633,0.6645023561372257,7,7.824667201959365,0.5828749109492211,65,0
541,2.805595674179778,7,7.270493215786151,9.320377107663212,70,0
617,0.6822731419473527,4,7.192305843100715,13.112244917102682,68,0
599,2.575348686680863,8,7.116880963625627,16.134663521758785,75,0
496,0.24066604489388202,4,7.565032139225391,37.324042724626665,89,0
379,0.8375594490683371,9,7.669256370550476,13.421611268723,76,0
464,1.650869974440568,2,7.3454838293213145,12.431849412778288,74,0
663,1.4744467855540142,2,7.457288924750714,3.268581037189792,67,0
553,0.9239399182200317,9,7.640952030308934,11.6843584073248,79,0
399,0.2755702288370949,2,7.473123654536001,0.8272317930159012,86,0
544,1.8800745310739346,2,7.516882767371677,33.28643925315812,83,0
734,1.0273343690496448,5,7.485000180030096,16.489488834992965,78,0
593,0.322671238503966,4,7.500794681279776,14.68234954709483,86,0
547,1.639966811195188,4,7.580560261360115,5.828796047900151,100,0
460,1.1430862773522132,5,7.426829402489288,5.741201010408394,80,0
265,0.7696247416193058,4,7.57591343018702,12.929465930533839,83,0
455,1.1760510455605884,3,7.633567591298435,13.358491374503368,83,0
488,1.3729262976598566,6,7.517165722498929,33.95324553612441,73,0
340,5.658668433137787,6,7.571612648251373,7.642688855991119,92,0
608,2.075738167238102,3,7.874539311752247,0.6661089766660517,78,0
432,1.9456043704290116,5,7.580187976936164,13.697921397512548,66,0
496,0.7358267076736092,9,7.531831665970086,1.8135715199351576,80,0
470,3.5951630773943335,6,7.418218634421817,19.100132033279422,78,0
451,0.46369407405341,6,7.451117086036971,2.2148678272776663,64,0
575,1.1873246201283416,3,7.512887999694647,3.3720413575914288,82,0
526,1.6058593302762407,4,7.453257110822069,2.720603755472355,73,0
561,0.9021494077934836,4,7.44917179111579,3.4782939225079197,81,0
333,1.3419735546246039,7,7.61592427658649,6.810212740245026,85,0
488,0.47489214579551375,6,7.471901656918457,11.736379357380075,92,0
694,0.4465006170782561,5,7.6873309854867,15.149555368567132,75,0
585,0.3865844888015673,4,7.595941525175295,31.39327753391686,72,0
268,0.4772662693369136,4,7.3540094686040645,1.8499144149139783,86,0
381,7.225859841845398,5,7.510684780428464,0.7051064993733009,73,0
654,2.400256504247966,5,7.737404081525591,5.893758309771173,78,0
490,1.0502550608216223,3,7.548590631120119,25.822888014326693,86,0
292,2.1434697592790393,8,7.900053264092524,5.195560403613801,83,0
328,3.2567483189476567,6,7.7173188605718925,2.46223383856124,75,0
637,0.1978991417612585,10,7.3336877465397885,7.281064977511658,83,0
807,7.296894357861227,2,7.426684358636185,0.05965090783055877,76,0
487,1.3861606686166148,6,7.186964291242147,4.6697191609813515,91,0
490,1.3970765826696643,9,7.293224650545455,10.645356083109835,76,0
740,2.603970187263522,3,7.783514845356264,9.993599471589164,99,0
756,1.4747646324747985,4,7.690850403611909,37.64412038276231,87,0
512,0.15258889016143654,4,7.605074510570297,4.367620434890471,57,0
354,0.042456479807549394,6,7.325615241916475,6.618002071598923,78,0
506,2.0277698755944566,6,7.6206202607219415,8.446934710070877,74,0
277,2.1925446824068935,4,7.216104861401705,32.21698997593438,85,0
560,0.24164304428544717,5,7.600027871039723,0.8286990995974602,100,0
585,0.0636843869303822,4,7.317666556954811,13.068945051210958,74,0
335,0.7026852224390987,4,7.390430222408952,21.168373185366683,72,0
259,3.8887032896761853,3,7.383735904815675,32.99407293560842,84,0
720,1.9681404619264753,5,7.320942155711357,0.8439746273037085,83,0
623,0.21382557237264585,3,7.385473323414258,7.848567167739446,60,0
572,0.2779279673997734,5,7.068017285829771,46.77919467671849,79,0
658,3.875099944488873,3,7.641018543765615,0.6940534554472432,79,0
472,0.3183496707066956,7,7.426243246073369,1.700240224511091,71,0
322,4.43331464709981,5,7.5658345742365,2.0253609458916886,92,0
206,0.470974313859849,7,7.593507201247224,4.92417998111984,90,0
686,1.8954862631701908,3,7.040657677706535,0.40788457102589537,73,0
300,0.35925533299435297,5,7.610349012410698,9.942457105193153,76,0
309,3.2293915801124515,3,7.6609334249316365,77.40424198442439,85,0
511,1.30213776280938,7,7.449662338143221,5.877064846426789,86,0
590,0.041652135472272644,5,7.760495068331086,0.4307609341052624,74,0
463,0.07933912971374664,6,7.66013875304056,18.22339242503674,87,0
533,1.2019884375988248,4,7.884808934003637,1.9859215578078846,90,0
387,0.12745799584131082,8,7.593337910951569,6.081085792453573,54,0
474,0.8318112001153614,7,7.459573407581827,1.4181190059594517,100,0
548,1.1698476524116266,4,7.363053290719517,5.542612918548483,70,0
495,9.010138309588186,4,7.380570236785619,2.392632217597296,84,0
573,4.768511164957182,2,7.736657084335514,17.352175314907377,98,0
634,4.010471060151745,2,7.282253516970918,7.9569879875797,78,0
371,0.04909613899066447,7,7.498407439857364,10.023951328054103,82,0
704,0.3103169422320077,1,7.110807743203004,4.468452708181917,82,0
868,1.7223281657154628,4,7.510766803859485,17.203317399719108,76,0
417,2.330407013301227,8,7.6448378793038065,13.551491370971062,54,0
745,2.8753243401329778,4,7.318284432327558,18.539748659233975,75,0
455,8.762777046748653,2,7.262649151149407,1.0220707093106676,82,0
462,5.423235702465352,5,7.537993880978882,21.330593441947983,70,0
723,4.118528209075362,11,7.402137376505786,1.3581335325216628,89,0
402,7.03590645772363,3,7.577448846554819,6.137920841941234,84,0
642,6.693242268399565,3,7.510021487747421,21.273405348937878,90,0
374,1.273841538490414,4,7.485484649504526,7.228376605651494,84,0
713,0.10666914675763792,0,7.596564855986551,11.201401231709022,87,0
477,1.6931407840836163,6,7.731432706147349,12.881669572938604,60,0
264,0.30688078799342944,6,7.677236436442163,7.962370315296168,77,0
348,2.5019734044561983,4,7.530771340166619,41.59017140085461,72,0
570,0.9076001204391284,4,7.21862331315838,24.607467425958575,84,0
374,4.7580347702971535,9,7.280120953032752,17.99001315870728,85,0
641,2.0410247772403185,5,7.509036308599483,4.531414239600043,78,0
547,2.7009714849348603,4,7.740772681888003,1.7213986142468343,79,0
437,0.1301759144835684,5,7.397205689745743,12.707834255152193,84,0
412,3.8483999239856375,3,7.449252010222358,5.5691407064152205,70,0
475,2.353288390431521,5,7.448666263922106,2.841486567569576,67,0
419,3.5575524309320374,4,7.453291559180768,3.321932609751053,73,0
588,0.06162304761935936,5,7.498418365814398,1.4826690160465907,83,0
549,3.9269351002942403,4,7.496354195006526,8.027920264356467,70,0
831,1.324944055352892,3,7.1553657077562605,19.696437352879137,70,0
403,1.5054010829178426,2,7.105940404193941,1.0046631068163192,71,0
359,0.2233663950082278,5,7.566607790791981,23.81599806363774,68,0
461,0.850326602315126,6,7.558426711453878,8.574945215302856,75,0
395,0.8644981153607175,4,7.801532470522591,20.594531029350552,81,0
517,1.3908429824015294,3,7.390099441346359,5.928119426634847,94,0
595,1.3523273021490194,5,7.476967279134638,6.185402253889437,85,0
178,2.423600409969708,6,7.52022661042626,0.3871536362130933,68,0
570,0.6523029938349443,5,7.65779754398612,1.0895672319740481,74,0
598,2.924151364434593,6,7.783216782875828,22.151454704911497,87,0
746,1.7969908556053926,5,7.170770104536733,12.6532008735767,76,0
580,0.4510613455450184,5,7.612172282686388,4.216290404770514,81,0
451,1.5690175317331034,6,7.569770038847038,11.183607423169473,86,0
356,1.0134492062461802,5,8.0,5.873455859843886,80,0
375,0.29155026891182995,3,7.27252679595894,12.477991523726901,81,0
541,7.485890258534953,8,7.566078510910635,27.267042924913156,65,0
672,0.6118936654750525,7,7.612586893590014,0.6249207814773692,89,0
552,1.6050867099357482,6,7.813751518382271,0.7658891927186042,100,0
638,1.702566600472006,3,7.333365253334016,1.687166669962831,88,0
512,0.21114657149337956,5,7.8652645892069595,6.393288492586252,79,0
257,1.6050352104129928,6,7.358924256906881,3.2769858498142983,71,0
462,0.5267126084645787,6,7.2219365710360215,1.0235659809070554,85,0
763,1.115274269360719,6,7.369211786440887,23.746308916456748,87,0
493,1.9295628611793991,8,7.444438715014295,2.288359084511478,58,0
570,3.80723217754259,5,7.838289283167856,12.029066430141002,66,0
353,0.8767250844061734,5,7.078193876597264,1.699141628506412,67,0
570,2.109746045148571,4,7.535405376132825,13.126011114636356,78,0
458,0.4488198164091311,6,7.428771000368849,23.918616300903096,72,0
718,0.8569631320980505,5,7.499650376867783,0.7006580726466491,71,0
665,0.6320989479273807,4,7.837699423150816,16.833153914971664,62,0
356,0.2543351650077889,8,7.715046853901656,2.3233975972428498,85,0
629,0.5415818517441369,6,7.2904722395338295,17.236342173259693,86,0
571,1.2730780228020075,6,7.638191481049913,3.4826019886585877,85,0
270,4.52935038084427,3,7.464747338431606,2.321648023190217,82,0
783,4.9733496404150195,8,8.0,13.092017329255158,95,0
574,2.368296049735622,7,7.547697757738754,0.39091985132595186,96,0
599,0.10123530280271806,6,7.342716129345345,5.696730868177665,76,0
758,0.029149950383431086,1,7.260110774903157,11.311266974919912,69,0
779,4.381336274578123,3,7.555345248502835,0.21392150383596528,76,0
303,3.3094119293303974,4,7.575944876793558,8.810318489527305,79,0
593,1.9112532697580544,3,7.430876327874096,6.27458270348529,78,0
685,2.673827863399834,4,7.668929991630251,11.428381565258864,79,0
492,4.315688941231801,1,7.760267993817546,29.899664666538833,97,0
367,1.4986511315827615,7,7.588320688578599,3.6622987164719967,79,0
427,1.1831119612930228,5,7.584038278097787,0.541046790462031,84,0
409,1.216474512750905,5,7.547308652171487,3.4338400496781905,83,0
580,0.14878039862453452,3,7.458045607998738,10.541135632827052,75,0
334,0.07814703669716264,5,7.539948455611669,0.8741394619178482,78,0
553,1.58635602891097,3,7.35010960922061,2.8775629967791923,66,0
554,0.5612163632484998,7,7.484223327929329,28.236261079560162,89,0
415,3.468391575636737,4,7.560919403553277,7.367562470086067,70,0
423,1.6933190903482902,8,7.367478774744269,29.07214734248738,74,0
690,0.8470937137254162,5,7.665271097624721,5.651548618932717,73,0
574,0.42098921107417386,5,7.76599758113271,33.00190343761459,78,0
214,2.6453486768806065,5,7.514487096126391,28.925438074762727,77,0
447,5.503612068883667,4,7.4334870044680805,0.16088880497318322,87,0
695,1.778263995829182,9,7.29426988568846,0.06467947734110725,96,0
550,1.1299807726240572,5,7.2999644721970975,2.6378256769665516,81,0
451,6.454984609229187,3,7.68286127018284,4.542948285365959,71,0
408,1.5635198377206179,3,7.282465911787535,12.47753271285247,92,0
412,0.7256167735026468,7,7.5913029016957525,12.971644581719437,89,0
631,0.7076360599183741,6,7.029524830520322,0.1832187434897613,57,0
464,5.048227574271101,10,7.356007418105017,43.26257732025699,87,0
316,0.7599607451969923,5,7.461151781724851,5.872242152931108,72,0
740,0.6247937741644785,4,7.171955314523543,3.6223294276608216,85,0
572,0.6803438936811409,10,7.341188687136619,5.99370794696833,88,0
345,1.6909360789872243,2,7.6110204100853425,19.30049844571787,78,0
394,1.1641614420202144,6,7.519057628225799,13.49156003478779,84,0
715,0.10998609786402685,7,7.515649265258853,9.250075561183666,79,0
183,1.9637917540157113,5,7.586458964833308,11.938881610229243,76,0
495,1.6099252872803755,3,7.319560893845085,4.357798909891821,83,0
208,0.8146388916295589,6,7.421553752222612,24.99622462085387,84,0
623,0.872070314378123,5,7.365813916560336,30.01319792010947,77,0
357,0.6295781039343648,5,7.238906353376814,2.3025603306389355,90,0
536,2.6239813190443138,4,7.810258674746696,2.140853108340627,92,0
454,0.9394656858186882,7,7.670730492630166,3.4963902844562007,78,0
733,0.7828308732772754,7,7.674482612938543,15.476781521884513,85,0
551,1.3186869594863004,8,7.5680014724931794,5.72507230617212,58,0
884,0.05145751432003405,5,7.540662019408379,24.022584994643722,77,0
848,1.3140133920987598,5,7.347448709474387,10.009888050021098,73,0
615,1.3704460506800016,9,7.464754504438325,9.248174526479692,100,0
620,1.4823676427321448,5,7.590137641504881,1.0985114688351585,82,0
642,0.08494438671593695,5,7.551646659790705,3.888842751433346,100,0
648,2.1432542623965674,5,7.697388628715132,0.9226183594024618,72,0
175,0.41008727092821273,6,7.462691912529008,22.623686842317507,92,0
574,0.2822633094838375,3,7.61080271727152,19.73222562063273,75,0
648,0.2218458998925916,4,7.335511904960555,2.2640822854981737,70,0
592,0.22578869166567306,7,7.644022984447583,10.52819646736772,67,0
448,5.917350042297536,4,7.542191667275213,13.018248040553047,81,0
583,1.0795986528688533,2,7.718867812404914,6.572998478967985,84,0
429,2.5110161971537113,5,7.97305840071987,8.538995350495322,75,0
279,0.7444507080356617,12,7.837169938616908,6.504423096712914,69,0
375,3.2712811762126814,2,7.544170734534994,10.823366974490572,77,0
496,2.9908068350726604,5,7.832343024627853,7.843359763553849,94,0
750,0.34712460996268923,5,7.362971023878833,25.041472710422642,61,0
592,0.29276326036943434,6,7.412386671956165,5.03323690791567,74,0
304,2.31462199464669,11,7.321397666446572,1.1951451429804447,84,0
553,7.4365178345503,8,7.511345056733123,9.897770636904397,87,0
502,4.03854758722513,6,7.715802403686626,7.068224231463878,95,0
494,0.8170105462409425,7,7.682593634305944,33.29411102519409,75,0
430,4.04306602409268,12,7.499436343181298,4.6140209981401314,76,0
470,3.3012916957814826,3,7.512080554269961,15.594841462467821,94,0
407,0.3744098053761913,6,7.509816585729886,0.7208688079460785,92,0
372,2.7877946271846077,8,7.400878649141453,7.774833818902604,73,0
606,0.2637840553706321,5,7.417842201210472,14.360054421305614,61,0
481,0.7674424298802086,5,7.467104262937989,8.006440257689245,59,0
294,0.8897494427852856,3,7.5664762997033685,17.000059762547043,81,0
349,0.11065359029108116,6,7.82944122291225,5.191798230218491,73,0
213,0.24911270262953158,2,7.3298803140633995,7.744549824329868,72,0
609,0.21147431228419114,5,7.624954408598728,1.380689361198446,90,0
396,1.2020646945528157,8,7.387822976010122,2.629394253709061,61,0
450,2.121643360123539,2,7.627155396810531,0.9869370054767177,92,0
465,0.5716741364993397,4,7.444527251382947,5.265636927321901,98,0
394,1.9030097593344817,6,7.226535388671185,6.635574832231804,77,0
631,0.901445982596865,3,7.416580149253657,6.895042076072207,81,0
595,2.1228805184867765,7,7.671269415520101,6.789567851178782,67,0
561,0.314743897958039,3,7.652342728020506,1.1537410718817345,82,0
465,4.9833314548373,6,7.5996615175417235,18.977012724587937,73,0
518,0.8118621559460414,4,7.633417718344745,5.81450775529624,87,0
291,1.0811749418558847,3,7.426098839616961,3.0344281404729356,58,0
583,2.1617996913785413,2,7.420819402035602,30.87872136100479,87,0
459,0.36109129756215735,4,7.5092171054816514,4.1411472224645625,71,0
346,1.4463045498352496,8,7.370586083013471,1.2705762847436977,77,0
250,1.62966058912394,4,7.523193214804452,6.677976988461644,89,0
536,3.2958164019147707,10,7.22603037357114,1.5524115843032944,90,0
631,0.45171498698849455,12,7.813120230183488,20.25782628037382,74,0
548,0.7215453298073057,9,7.491343584869279,12.162081938483789,77,0
597,0.6842867612509214,6,7.594197845034908,0.42907481219170374,89,0
512,1.4039372359970088,6,7.419451401592829,10.360961468117688,75,0
582,0.06758604368361439,7,7.860590405401776,11.094134901227019,75,0
471,0.2488071309459005,5,7.8007904058043716,16.916131965778852,85,0
477,1.518198575508972,4,7.750839631847221,5.4610196371607875,73,0
615,3.293437289856286,3,7.315636372223437,0.7689335845269618,78,0
500,0.06478866995911535,6,7.1920177875655025,5.298696354041344,78,0
243,0.1617364315932404,6,7.578081460859401,6.890212560987922,82,0
753,0.21558243510238184,11,8.0,0.651377811286493,88,0
444,3.239429650202935,13,7.269743538481652,0.8755807300001527,76,0
402,0.13832683232853993,2,7.671373205019771,0.6693024599110682,66,0
558,1.6203355245155682,5,7.501243033266019,1.8020755883825919,73,0
559,4.733705914625462,4,7.622694224612212,2.8505030635830435,96,0
649,0.17834585135349254,4,7.420354036852463,11.379956305654487,83,0
423,2.8578025181401205,9,7.269269303517427,3.3173722220002015,97,0
606,1.268900597373451,3,7.300009758423181,15.950333156352318,82,0
434,2.3252198520269656,7,7.8901488174941266,0.16030312554562332,86,0
610,3.6307012512664882,7,7.602715974512186,15.593465551752407,79,0
453,2.1362322278355963,4,7.5881968618958755,0.7445419999213049,86,0
587,2.5391647751288575,4,7.383395485459989,8.485030755522242,74,0
661,1.365738213741605,5,7.333914380152715,10.934410850742776,80,0
486,5.360686002887816,6,7.612266626303368,0.2516477198426196,79,0
443,0.07925489573746683,6,7.400643171059134,13.859251274787955,98,0
629,1.119981257046706,8,7.624050332792324,5.288044561212105,59,0
494,0.14394694174368633,4,7.684184898722356,20.18458487854961,69,0
363,1.9441743495435135,6,7.668843949281507,22.86030349650241,80,0
328,0.522445566381189,4,7.459795529121747,0.41572938331920417,83,0
324,0.8928011076398487,4,7.337873381021632,7.538193260329979,90,0
363,0.5038222421468372,9,7.099632765634042,0.8416759107937567,82,0
409,1.1980375880640435,2,7.3065807722675675,4.654043094416357,74,0
166,0.9950625155265729,4,7.436246406341595,18.099753245588367,90,0
274,0.44615053344371247,3,7.809836252007377,0.3298756832686751,87,0
499,0.8189291018862602,7,7.6734888097039295,29.06478346594604,83,0
567,1.454182287289221,5,7.451399372744563,4.468100213515406,80,0
392,0.08688834593898152,5,7.65605766502899,17.023186318366204,73,0
527,0.06686692894273556,6,7.676569875609241,4.966708379890999,56,0
607,0.16095862658589616,0,7.601305656361962,8.908813666299034,72,0
670,1.5997201610211993,6,7.354133744107751,2.0253288497137594,70,0
320,1.7019520251093574,7,7.188891801839543,0.5897644954386274,68,0
380,2.157362672918746,6,7.5339962402809375,17.386772054925856,82,0
304,7.747902145828051,6,7.7049657944356635,3.012717689431799,88,0
385,1.0029940519118992,1,7.302380305000879,2.7858571684432656,84,0
537,1.6236054633490775,6,7.733489821741866,24.01180861563001,68,0
617,0.20098393662729377,5,7.340889719471229,6.454456612195312,84,0
585,0.990556367978378,5,7.653222573028539,24.194909601624595,72,0
364,0.27906233381322715,5,7.506148993489571,2.6070115874777744,71,0
457,3.6391299478540335,4,7.569029393887428,41.68040761518171,81,0
553,2.1867303883066076,2,7.026395772668433,21.4323163839885,80,0
290,5.582843367366904,4,7.73600477186636,1.9748770304998942,89,0
768,0.06707801010684997,7,7.378880002002265,16.91229593896617,59,0
542,0.8483805234460539,4,7.355221217208395,0.5781846190592272,95,0
465,0.16067297815577064,10,7.283049374029575,0.9255172099545281,79,0
431,1.0883447438755156,5,7.511251965924156,4.25204887315891,65,0
575,1.8438709476904707,8,7.628190212753685,6.2466088554983115,69,0
399,4.776916529224284,5,7.300396460796021,12.468188845927573,71,0
819,2.820145142354968,4,7.366273538769458,3.797712021465478,74,0
327,1.7256420855949355,6,7.562054534974827,0.4745025250958108,67,0
477,2.4000666953595973,2,7.505358623278283,2.40184340149379,83,0
374,6.56713934806969,2,7.4787117612559655,6.861922570978171,80,0
535,1.6547964744672794,10,7.3025128576480265,5.712424791661564,77,0
378,1.1813988396013226,3,7.331452575594241,2.568878730845107,88,0
264,1.0544036889621105,7,7.370792345845337,16.1122402227276,66,0
386,1.0400190317562832,6,7.562282873084479,15.600786761733218,83,0
315,0.29592609829802013,5,7.689204628355,56.0382841020016,62,0
607,0.280004957845019,7,7.52282407787475,9.116065781939643,63,0
365,0.8165935338008913,4,7.114923675807779,0.18323277776310712,84,0
164,3.5535604345307434,2,7.412407261707438,2.53015469532406,85,0
518,1.2172128395537525,6,7.556793150049762,5.834832233046533,100,0
385,0.2328209143387049,9,7.63406943294952,13.218569262663886,93,0
802,1.9816249201775862,9,7.624411992751461,0.08102977615343557,70,0
652,3.701220358964756,5,7.8592120550380145,9.222576696093007,76,0
540,0.5294291552261435,7,7.427386616421115,7.628312629567894,86,0
437,5.169581392340645,6,7.348973061867126,3.648392052635907,83,0
431,0.6389537027586653,5,7.68853393717637,12.933330067375454,75,0
510,3.151667982336072,6,7.617073446961365,5.897208592279749,81,0
593,5.894147005869407,6,7.239686758133838,10.422995212223716,88,0
329,0.14765805131329665,2,7.314065821789405,14.642202509474018,80,0
208,7.527752274576824,1,7.408069953156613,13.85704968730293,72,0
434,1.4786187620632796,4,7.638476441920366,5.726116663387534,88,0
579,1.489715900708022,11,7.7336510602832025,10.673532287315178,76,0
580,0.7538384696316399,7,7.569906222521796,11.115586454392554,86,0
740,6.311145872762027,9,7.693477233385521,3.2761428777147925,62,0
336,0.7151818354052296,5,7.343355854818987,2.9011992243863554,94,0
235,0.19095071900245164,3,7.590027875995669,16.22416995395239,76,0
671,0.5813623380349694,4,7.679767251392714,0.11643741357738235,88,0
286,0.2226831577781854,6,7.395811759579814,24.392133066338157,79,0
517,0.05224405407420362,5,7.222402465285761,12.352904552800876,63,0
398,4.967921269627046,2,7.384127020377423,5.102153375727754,89,0
689,4.532058603229336,5,7.207277286089031,17.324330080813407,86,0
589,0.17019177211003245,9,7.17878026542841,5.1908185212148155,63,0
296,0.9448571873937373,8,7.543652201436828,2.435342477889022,75,0
635,0.3727122810357888,9,7.209990580514533,28.332669964906056,69,0
392,3.4672598464032283,3,7.649262739479982,25.78562978778696,69,0
488,0.038011491035087046,6,7.481922816963125,4.608962187440731,67,0
587,2.1593423889724694,1,7.210069099759697,1.0781202370080685,77,0
691,0.4182353586638307,4,7.465856261788084,8.49567176567536,91,0
420,1.2005350137457491,5,7.428564014907933,11.648501392586164,72,0
524,0.06604349346406517,2,7.706020431191854,2.985648358725107,64,0
601,1.1020694603382613,3,7.592338617534512,14.47851318930265,85,0
487,0.9694292691905383,7,7.354820558491974,1.272058211389437,100,0
394,6.095857599412533,6,7.459939645853468,20.286736748317736,71,0
369,1.8125382159225862,4,7.45839857499359,11.006478504928223,85,0
746,2.1725833033093354,3,7.635860349750602,0.09792918529075792,69,0
437,0.9324103222163783,8,7.688154730281548,3.69813650205527,91,0
702,0.5594014744325834,8,7.270982622962263,3.269431337600566,77,0
497,2.7127121715310585,7,7.482178515804363,5.911931135205566,82,0
512,0.051569487658424,5,7.68231192244798,2.777758260489942,87,0
350,6.54082533411636,7,7.660465105251796,6.819116751556854,75,0
691,0.5166359687317883,6,7.42700631850656,12.629881328066388,89,0
415,1.926364124756766,4,7.427347021831755,19.293492583690163,66,0
499,1.0744912228710544,3,7.209158521276527,0.11601427089156927,93,0
462,2.3855387834986814,7,7.536314997357195,0.6565196180364752,85,0
354,3.511403723315953,10,7.448275773085719,0.6450859188073875,75,0
693,0.0001969783724708561,7,7.490564514637598,13.851051462267467,74,0
540,4.967407174087287,5,7.177012177875792,23.869788259207184,79,0
226,2.347146976429294,7,7.5599405629472844,11.721678660104729,70,0
474,1.4532518030736068,0,7.36828731411308,1.834588778901015,84,0
394,2.707120553533631,5,7.0965217098053275,19.898784235361223,88,0
455,2.0019068896154635,3,7.554448190143573,3.476854749803788,86,0
591,2.1134914878540862,7,7.5694237067210475,9.106336411467614,78,0
583,1.3490980885582378,5,7.791438153416757,19.795716809811434,92,0
673,1.7945786391894543,7,7.350998569762261,1.9511791935241183,89,0
366,0.5561986589754585,9,7.473529692294683,0.020625529643641026,85,0
587,0.28038082611441617,4,7.669996024209077,0.37857568333445,76,0
388,1.119416961323253,4,7.480673686942552,9.414907126341758,55,0
662,2.69782530034291,5,7.762956357959534,29.28705002489473,70,0
500,2.2850646007134534,3,7.986664139222089,2.015596820769644,69,0
529,1.740102707449203,6,7.554672461575177,17.473226543835636,72,0
674,2.0582144699421123,7,7.302410830422845,17.884651555793578,86,0
712,0.32451534345319405,5,7.734045888154455,0.6838678192560654,76,0
463,0.10718409077878042,6,7.328590523998702,4.962751503327154,81,0
414,0.629739882885312,8,7.5791442298339415,13.320104059399878,75,0
687,4.659246883277666,3,7.321745645710677,13.975916663981355,100,0
212,0.2806527479456202,4,7.45696939616863,3.075718656013315,94,0
325,2.9553069307338995,7,7.533492326168392,2.547603644272987,83,0
414,2.7972551617022954,7,7.506537189169573,13.149180038597194,84,0
553,0.5208895650212783,5,7.472445584938114,29.09434167217529,73,0
636,0.4118301642650851,4,7.481738567352186,29.283651846180096,96,0
413,1.417341020015741,7,7.592038341756285,21.645343656241096,100,0
534,4.021085386692622,5,7.779951569006637,9.918694623141914,65,0
637,0.38627704350187314,5,7.460718565543628,9.320311162918161,75,0
645,2.7972935400975403,3,7.50498840813576,11.734578388971723,100,0
426,2.443788671537886,6,7.606497291613402,1.207143113632942,99,0
479,1.573729586350963,7,7.355148966643391,1.1297229547403793,74,0
449,0.2774615093335412,2,7.446323489517466,13.126424478235545,67,0
436,0.3620341737191765,6,7.690113267323547,7.816702180216976,77,0
399,0.0004570534316898065,4,7.611605348433332,29.147576456794017,88,0
429,3.7037313303743598,7,7.480249967167989,10.935348490103538,84,0
353,3.9520819378399312,5,7.588818242615918,6.298170379035735,73,0
416,1.6026920631298571,6,7.8272512103578835,3.240188061510008,66,0
651,0.0005327712760759948,7,7.662325384703765,0.573280375793644,69,0
421,2.2626013531270877,2,7.338642050504111,8.620557586458354,78,0
641,4.30838748422998,2,7.856850941745289,3.288017652978001,93,0
605,0.5256153112244168,5,7.510138527819527,36.686040346457204,82,0
562,0.9646487271888435,5,7.582784306264048,17.04364025383588,85,0
386,2.9246160354270665,2,7.3893507251133945,11.446697868857234,92,0
377,0.546361957748259,6,7.5910117561129935,8.02118102038059,86,0
734,3.0527359356311856,4,7.490365073937045,0.7475458752858617,92,0
559,3.337519720787994,9,7.567708906641256,6.053243324030991,70,0
319,1.271950115874492,5,7.321321377289123,1.7650482461804786,50,0
356,0.13152876991882473,1,7.773409430054598,1.1550048844816108,74,0
527,1.2586373772213892,8,7.593696834767358,9.106763808613534,96,0
699,3.6068072666986284,5,7.589261299667209,1.6527201972797676,91,0
386,0.19186683072164748,5,7.268025066159377,4.996396886608471,88,0
548,5.659367410935949,2,7.360691932931247,2.0876663207528594,92,0
416,0.534563037397382,2,7.426184824934289,34.049501614844985,58,0
344,1.4878697038759334,1,7.552952693406837,5.98001266323001,83,0
564,0.7819703317185254,4,7.346161334312774,2.7248872977483947,85,0
537,2.8075027594496067,5,7.286675860780861,34.61969313170683,95,0
358,2.3201205509022875,7,7.395253131920962,8.425052574241864,87,0
385,1.8792434944475451,6,7.2832450370086494,6.0545245424892,85,0
498,2.5048907576611636,8,7.399086273100526,9.741494729730423,74,0
592,7.419680572980058,6,7.631671536194744,20.210385190199833,76,0
253,0.4551740643986685,3,7.364419343816442,9.079307806323675,70,0
240,4.555641456282519,7,7.26505944040415,1.7795023118509021,86,0
248,0.8862047483801033,5,7.415488864193265,6.024956535801787,56,0
595,2.4793901802713463,8,7.247679876007745,9.61755627119448,86,0
482,2.5028343598123755,6,7.38958874331392,10.271709184441383,75,0
597,1.3275344875468078,4,7.439204736272214,2.1006840760931986,79,0
445,2.999490754895996,3,7.4000534685216035,0.562314339302003,75,0
306,0.2768819984987631,5,7.441083389684558,23.010674273651116,74,0
456,1.663331140975568,7,7.3851090946168965,8.428937682873364,85,0
868,1.397076289669638,9,7.479525894278436,3.559694137149158,77,0
439,7.81890901279347,7,7.745084391099901,17.298989400329553,92,0
479,0.0911186202801641,2,7.428019754246728,1.0383737949111134,73,0
411,3.8185601361526462,4,7.528159616832594,42.83017291398082,62,0
432,1.202000342481247,3,7.613697620140571,3.448282203296131,86,0
673,0.11487126411657567,7,7.727454045521335,12.852127495951425,75,0
522,0.7949361803273375,7,7.443615387097563,2.3493865005411934,84,0
261,3.5372546468689525,6,7.288653112208835,12.994576434904673,78,0
225,1.5903499558495895,2,7.53424758750783,2.1075643367898182,69,0
507,4.874396521200165,4,7.636509149127841,1.1874719200616355,93,0
342,0.20095973268860073,5,7.286130958634618,4.377646784842495,100,0
683,0.8686031641181219,5,7.342353207845777,8.681891823915931,77,0
504,2.4775652524656517,7,7.229422418497203,1.9557184965743004,82,0
538,0.45800066494108965,6,7.784741368316811,6.202378175275215,80,0
147,1.6831359892132431,4,7.698411978362358,25.964687179842993,72,0
671,1.9901604494721048,6,7.356730396647668,1.9021005921859224,87,0
375,6.086734536533287,4,8.0,1.4780130832560552,86,0
642,2.034830675082413,4,7.151878014334937,12.375282041554454,86,0
607,1.8804184035482077,2,7.093503717708136,22.50875086734791,63,0
661,0.1475234996098763,3,7.635607823463347,2.9410429501038577,83,0
264,0.9768356356217366,6,7.744195218223352,2.4563438035475778,86,0
549,8.064785293789317,4,7.620836269543204,39.720338716140866,63,0
226,0.7255036285884615,4,7.423767825130153,1.0983087857056888,86,0
203,1.9160990730301921,8,7.816306997181647,26.677240012950882,91,0
481,0.4859597481678097,4,7.359554187872672,5.200997912619901,79,0
229,0.29044265829709387,7,7.472731459605861,10.31575739225838,78,0
628,1.659099665750989,4,7.799375165201587,0.06005557768447783,63,0
555,0.791979981726631,7,7.579145137555992,7.218634387902854,71,0
682,5.142883077986073,4,7.553125263536286,1.1359223547685973,72,0
585,1.3403550135605098,5,7.584514113713104,6.132360178426945,83,0
549,3.422687269561689,3,7.625042932141114,13.870774095412408,82,0
700,1.7624371300908284,8,7.2605031514788925,2.1774281672285505,94,0
519,2.3620637568580265,3,7.670492677989177,12.223130401526877,92,0
509,0.3439664155256543,6,7.611911589295405,1.0189322611585097,86,0
437,10.576654998570069,7,7.245898519278852,5.430486105224901,79,0
442,0.6094771574371725,7,7.61041641690748,3.0053963923105935,88,0
579,8.90664688831732,4,7.31348263455438,16.85653978370102,77,0
386,0.3729147657752144,1,7.944467917929825,5.820829964360343,94,0
493,1.1579022671539023,7,7.392403291306399,4.797516861215578,54,0
390,3.8161471978416364,5,8.0,11.445244647202795,80,0
410,0.6410648298035073,5,7.9609993877075,5.723092432548546,69,0
547,0.3684523142614972,6,7.781782426606026,6.6339723457710695,77,0
166,2.207384016235215,9,7.570210989337232,1.9757102967857927,93,0
606,1.7832627589669245,6,7.8450031996837835,4.332202517667218,77,0
449,3.7302875464590155,8,7.3494806181104995,22.880442779968323,93,0
333,1.7676439584497001,5,7.434733522007765,0.42377370465273684,98,0
501,1.5371255807984647,2,7.379836625905961,3.7617122425278424,72,0
511,0.7182045773499917,7,7.657346998088101,1.4474327792361639,72,0
571,0.6602577913594001,5,7.313939606866275,1.4708529149525749,77,0
413,3.9026412851485643,6,7.6184878636035,3.1225801494219994,95,0
543,4.795079649070273,6,7.707894097900039,8.280412289668215,87,0
506,0.8411397003379433,7,7.658730900505186,4.47654375131214,73,0
350,0.564442531001693,7,7.334376180711114,6.305682458527838,75,0
624,0.3666902468055486,2,7.306202317655914,31.082187377580436,81,0
500,5.0933849813529735,2,7.30618607174007,13.071263001272248,81,0
468,3.168566059975785,2,7.36274866180235,10.141719566736032,94,0
840,4.1958409529176395,5,7.631633754339585,15.115652516820198,79,0
503,1.7869075418004547,11,7.750112516506662,14.682890965328433,78,0
710,3.0647989655252985,6,7.75266307885755,3.073795393447612,73,0
470,2.5984698128075534,2,7.5090757946139375,26.308562364067647,75,0
324,0.7783414764226876,3,7.088997394982275,4.216916612717242,82,0
556,0.8497887574419789,7,7.567370526864677,3.437834577652365,93,0
789,0.29116149171300404,8,7.154257698891431,17.042284084491694,84,0
450,0.30697239137398064,4,7.3885333482886715,3.48724758747039,91,0
491,0.12518576357633432,5,7.738365720179289,11.393169800383625,79,0
245,4.109310633746704,3,7.3844741546902775,1.3786437708186428,72,0
721,0.5070296742339179,3,7.452904321957133,0.0005123937522753619,60,0
456,1.1693973896502095,6,7.741649054036946,8.842359724685878,56,0
377,0.04189828804884113,1,7.61702447670509,9.106925727423022,78,0
646,0.8012800212700739,5,7.4850748517653045,2.661178930512849,66,0
512,0.9677030555367571,3,7.338069452804326,15.540364094418253,70,0
560,1.5753924844696878,5,7.6741185073442875,11.128798918464163,60,0
677,1.1912320654279338,5,7.763350834312208,10.013329446617853,72,0
520,0.045859871890503175,3,7.493218363912393,28.738814817811225,87,0
401,2.500155487592753,6,7.510263440418008,45.54149640141873,76,0
428,6.224510791574087,5,7.774982818584748,45.84558912436867,80,0
800,0.9183270763207951,4,7.637557225373067,2.7045560299688844,82,0
551,0.11042447449464803,5,7.4987099310425895,9.8947118588063,87,0
540,2.5941696810494252,4,7.578515440589173,22.09183434979525,95,0
334,1.5434578632422267,5,7.7108496055139595,7.075010529997099,70,0
315,4.8915431792168995,4,7.402592460894209,13.753369793953613,75,0
451,1.0296114968520929,2,7.668396008843412,20.24383127699014,70,0
578,2.3371087280419753,4,7.78258996010508,3.339693411097491,76,0
534,0.8215278357799254,5,7.360412192907401,26.14698570007058,90,0
431,3.9319176644746228,8,7.678469517005048,3.5898143048564113,68,0
498,1.9936251594167318,5,7.763848009631488,13.29413757329104,80,0
664,0.3111101742854671,7,7.136023647424601,20.40949904801929,83,0
388,5.137583587838488,4,7.587194006683574,2.5740073373295456,56,0
288,5.906382458814817,8,7.891045011066893,12.081557379014017,83,0
796,1.1024896687459953,2,7.499580830159464,1.2822513590056586,79,0
435,1.0158788462474164,3,7.839334595538033,13.93692456158278,62,0
584,2.0376190919149666,3,7.715351399137074,0.3152985049951982,86,0
593,0.33224241219483736,2,7.582824453045169,4.937069068397819,84,0
341,3.3817746404678224,11,7.722367209265574,20.324481962225374,68,0
451,1.2925058274292058,2,7.746486036615154,9.316745764677227,69,0
474,0.10821368188649018,4,7.522266876725775,4.3006921246464405,99,0
642,0.5786581069886677,7,7.763441864731199,1.3337393998229796,83,0
632,2.3800340740462453,4,7.659405830425701,1.9856320089892412,70,0
513,1.7858841381298143,7,7.498685222920881,5.059947693476406,61,0
644,4.650357843031212,5,7.5179588761133145,12.595799117387552,67,0
589,0.35796627688289995,5,7.463118543382758,26.993899763057023,74,0
548,4.964106113739278,7,7.923184562756364,6.823485973531874,70,0
465,2.493539029583974,3,7.594279063210344,9.396082761431062,87,0
367,9.603108918474126,9,7.397585680240171,12.863838985757852,75,0
471,0.9169478714915442,7,7.584411563574102,0.17509155358166886,83,0
790,2.102412176082123,4,7.207627675341271,12.141982945017912,67,0
593,0.19708897894070015,3,7.3356452390543,16.941071144083402,82,0
504,0.1969485758771593,5,7.276265907762368,16.973794179428044,66,0
211,2.2605311232922367,4,7.675559856095121,0.3094952066349539,79,0
645,1.2057099586361468,6,7.433459441800411,8.877081323467358,79,0
460,0.9012342737020307,7,7.60541600629983,25.348535387679398,91,0
574,5.00627246993887,4,7.723671769077784,5.352357086337138,78,0
185,4.204243676790198,6,7.301774085554136,46.440145388282815,69,0
424,3.541337811023276,4,7.669357698055697,3.4261821744781877,61,0
585,1.4028664143088698,4,7.46605075035028,5.618206849300151,72,0
501,1.5166796218673935,2,7.020103386118057,4.238046777707164,90,0
378,0.9768400133598172,1,7.1154031979622285,8.534893661364762,79,0
508,0.1729985386088881,10,7.7827714234847765,3.305670610347435,82,0
613,1.3877018670256338,8,7.565157324291471,7.242761139240617,78,0
456,3.5550711226987906,9,7.629583296846456,3.323975470148619,97,0
529,1.0630100065441568,3,7.610008330267638,5.919649244992176,90,0
473,2.6284989241637122,9,7.756660126428186,0.26430622044776264,79,0
554,0.9569680124679315,3,7.377292696446791,24.470176671519667,94,0
307,2.8863674992696415,5,7.341387000201874,22.930454899751723,77,0
483,1.0373401616584337,4,7.3367101452289445,11.388155861994942,74,0
468,0.027520457134768292,4,7.589410735384429,20.209788935982267,98,0
387,0.44371311257297574,5,7.594523801566806,7.784913684664608,82,0
576,0.3051685483493279,8,7.078191165046877,8.69655984991345,90,0
593,5.435278771888604,6,7.185390388645335,20.363094403836143,80,0
504,3.0756171255589546,6,7.6483351553028704,8.180474442106172,63,0
488,2.315303754959621,7,7.6041235594542025,1.6504183115618027,83,0
476,0.6902572637368724,5,7.473191275421191,17.354855028426833,75,0
975,1.1454527169636763,7,7.808698570660658,14.58908954270187,63,0
680,0.2829827997448334,6,7.928645691056171,2.930366690745009,91,0
565,0.2085133281716833,6,7.600284964604696,20.8813185452992,82,0
516,2.0793689905915684,4,7.886484121653057,2.1631134487026027,75,0
640,0.966833432922659,2,7.581862060305729,54.10589062022997,87,0
680,2.207178462305461,5,7.286230408855578,2.45646545291547,68,0
496,1.6701209021713006,4,7.367450135595565,31.985656756988096,73,0
343,0.10930104514481094,3,7.480063085890879,5.584636368816267,91,0
495,3.2344128496049653,5,7.416367222432679,5.1039722595592405,74,0
272,1.8166497988596049,4,7.504666255822107,15.232388413292938,81,0
574,2.2730148691397942,9,7.409601262395392,28.727522026890636,61,0
346,2.0424299903408336,3,7.5591335734981095,3.8058207659496093,87,0
540,2.806963272149941,4,7.326267058293562,7.212930039346174,98,0
639,0.6156256216338448,6,7.68851686959014,15.89242485121602,79,0
369,0.23866690107909125,4,7.496473392037265,2.3062000566590646,87,0
406,2.4860597810363823,5,7.502461693459969,9.585361315294133,85,0
530,7.973356806519131,6,7.510459156402509,35.36146723548161,78,0
486,1.5959907147443124,1,7.362890146715273,2.1781377891310516,93,0
553,0.8963430175304792,3,7.912238587305723,73.55276932327902,92,0
693,3.229140907929347,10,7.704788079902035,41.13279324343445,66,0
762,0.43810118583748253,4,7.328641525917764,6.349850718414395,91,0
418,2.8119795145144684,3,7.380019528014234,4.079744255071195,98,0
614,0.5296497246215366,3,7.384655819042789,6.564459028576807,75,0
253,3.6185532872658377,2,7.435481282087174,3.767522290135844,78,0
517,0.743483570597027,4,7.620916150172361,4.320559726464646,82,0
434,0.13610517146044218,3,7.3638108307865595,1.2579069120044581,84,0
333,2.3899124405241543,3,7.655823325494566,4.245493297140483,82,0
539,3.4779061279685677,3,7.544087389188465,13.035980215088012,74,0
304,0.1301406295496773,8,7.400422772883115,25.245560026925883,79,0
321,5.364767620908311,5,7.677820815310797,8.625260889828027,65,0
634,1.548811814506595,0,7.345812758815818,0.15107938576914887,73,0
386,0.2260897711284702,5,7.539335430991509,1.5739246556973507,82,0
447,4.757631289310802,4,7.582148332148595,8.520103194100324,85,0
564,1.6717770238133733,5,7.266604994217489,2.162878231775326,78,0
341,2.640218555965288,2,7.399010388245814,4.508486169163872,82,0
565,0.07982331845576572,2,7.881803178963617,18.410875866485053,85,0
685,0.8828404554805515,2,7.418424827326075,0.4504275567803352,77,0
477,1.7286577352987142,5,7.611879138216964,4.7731062886237074,82,0
614,0.40612862381632187,2,7.473160805650323,6.4484200172630715,56,0
540,0.3963244715756364,6,7.71797582675988,44.59977049793649,100,0
485,0.09387278799061828,5,7.122842829944241,17.456271651986345,72,0
390,0.04222256664963535,8,7.757548135375032,5.456431109057212,93,0
545,1.3229461683234303,5,7.647828197510143,20.467072571074077,80,0
205,2.9082153648787368,7,7.172390060860689,31.759246396349052,86,0
412,3.5183860468499826,2,7.422980075174265,4.930027123124643,94,0
578,0.5232779939438307,5,7.103781213976642,5.719665681211794,84,0
425,2.4573694981778935,7,7.721882683576399,14.014810000865408,83,0
621,0.31736162319382416,5,7.470123117557805,3.913727688811674,78,0
467,0.9954131615273436,8,7.340826211971596,5.677382317545657,87,0
507,0.5973889851500099,8,7.517569706303739,7.770177550565577,84,0
534,3.2631907501596746,4,8.0,0.4677426333869869,76,0
698,4.342492164931302,7,7.568997133639007,12.639987721712178,86,0
632,1.545217809938965,3,7.454388746059785,4.276044507426982,73,0
385,7.2954780293182395,6,7.469687767625615,0.23735726001603374,100,0
373,0.5276126047127457,4,7.591496332400722,11.682245257928557,72,0
431,1.3323483240795484,10,7.57636049926297,5.8724792369257885,78,0
503,4.48949184750831,6,7.735738562216787,0.5948919842385338,49,0
287,0.8170558235303216,1,7.633067540432869,21.780273395516815,74,0
341,1.2843373396601312,5,7.5678923827350015,5.766093133382904,75,0
622,1.2923979004973531,6,7.263596109449804,0.09035623558076089,66,0
949,2.1903967589905804,6,7.551543476549703,3.3962181432288077,69,0
340,2.399665888866509,5,7.496497690232504,15.136351204145363,94,0
360,0.6190048058451866,3,7.485582422814989,21.305000757354044,88,0
480,0.46086377392796085,3,7.298364506792402,7.314235470693054,93,0
824,2.580813003078351,9,7.578273502595936,6.950391306576481,66,0
603,6.084159727779014,5,7.685541030612047,4.872545093049013,98,0
542,0.8851357146096223,5,7.7725798376353765,1.0986709510431267,72,0
626,0.5272689688674612,2,7.413222536068883,2.3997189980426983,64,0
530,0.09641067916987937,3,7.656491966439965,0.5713428752959309,69,0
491,1.97970397128155,4,7.85349149496562,4.457857206167681,87,0
374,0.7544762140887574,6,7.431169891893786,15.715293997791033,86,0
311,4.0242493940891455,7,7.630170819625208,6.222730610155079,65,0
328,3.272345846288662,7,7.740435775813816,18.589691184043186,83,0
489,0.5929052889370263,6,7.417694711036678,9.615590093353903,65,0
632,9.249367970103343,6,7.432736889524168,2.069088094656907,76,0
679,3.2836756247851566,7,7.855402031728459,7.244569413593743,76,0
507,1.5768707497569245,4,7.526673990944425,6.497682240007981,87,0
507,1.5574064509301258,6,7.713119533963492,0.7453150277766986,93,0
717,0.5843841180844175,8,7.51078745677836,13.63788586432248,73,0
577,0.0035934960951835926,4,7.507911817263657,18.71855209037014,69,0
441,1.5623013816780025,4,7.441598874571998,4.37088353694774,85,0
410,2.426105199366777,7,7.400366276616793,0.9118802255233671,61,0
658,0.6851605210845234,5,7.735835444810342,5.9881473216769106,85,0
64,2.6610368058854235,6,7.311420318055111,4.689231206115904,78,0
581,1.4493288469997923,6,7.42388911790191,5.303810950029096,74,0
647,4.339602200160152,7,7.395470250684784,2.1480859219676116,80,0
433,1.61711259698209,5,7.651691686425441,0.6251947677073999,80,0
334,2.576627217027379,8,7.485756388229868,9.961987210097213,87,0
535,0.20935430679437478,7,7.4223937566434355,11.567002139755738,88,0
589,1.9376332026908725,4,7.751421326319487,25.987180557933954,72,0
447,0.5577944650892752,6,7.21607460383936,12.152231031035631,70,0
530,0.12499751665046123,2,7.482815972009469,11.263061661147958,96,0
594,2.0007244281014254,8,7.785118480596141,6.499299855885886,82,0
226,0.33835445858892793,3,7.211158523230047,4.704038885758365,79,0
619,0.48119912287530103,8,7.565725024978692,5.785958749403617,75,0
418,1.6179107079111281,3,7.542854792843474,1.575231774505783,68,0
683,1.1648240918998571,5,7.508886576264372,14.345079890664863,82,0
597,1.3532258491915439,5,7.502621765709778,5.418865976503233,89,0
650,1.7923032676633894,1,7.631738427355429,0.7366742274946023,93,0
580,1.9458334365035872,5,7.322764995248614,1.1045968466368283,91,0
391,1.481774725492566,6,7.836340617432032,20.93814207062604,78,0
494,0.1238678017899434,5,7.754289213390929,4.35590998716456,68,0
604,1.4015182520293665,5,7.659999884090823,9.463237960325252,69,0
194,3.0325939556406856,7,7.232463781282543,13.191652738304498,74,0
312,6.212994047557379,5,7.597307194487526,20.136085436499602,100,0
298,0.686199622985107,1,7.763226809850023,4.585811813646386,83,0
576,2.909171024687149,2,7.353129665040553,9.968690004816462,83,0
336,0.2376786025108729,2,7.567987093612003,2.152594803642257,83,0
532,0.4450983041464326,3,7.616925804189178,0.15843880747750755,98,0
485,0.027234269147141405,6,7.784583571742083,16.09899713687373,69,0
363,0.30104349098832833,2,7.4207155637962945,1.1695018673825281,63,0
649,0.6445794163399452,3,7.746917907495719,5.559611017477952,73,0
476,5.507639150137303,3,7.651290198709398,6.361715831601206,80,0
620,2.071669068731085,4,7.806335596999069,14.335941445872859,84,0
266,0.491698175679212,4,7.633193508578752,1.8779503232208559,71,0
515,0.4614709824910576,6,7.6892401017377585,15.621084264569866,89,0
530,0.4090624206242333,4,7.560787782370675,0.005164220268265648,68,0
694,0.902827107791663,6,7.753342507155672,19.34592822490044,82,0
604,0.6862339703030668,4,7.402733338103806,5.981553758231792,78,0
588,1.4924901075933683,3,7.3038166600192165,38.488064129412464,86,0
557,7.599691188160506,6,7.701196364008664,3.769985517280376,69,0
591,0.4272562261777321,4,7.533578710388394,9.014396247784916,83,0
420,2.2668556859696225,3,7.440307624872539,13.984775332841753,76,0
434,0.6171451219980089,4,7.723781260041779,11.461061312722368,65,0
633,0.3933657249396702,2,7.358148875578407,6.998486142590313,74,0
363,2.2684896862244877,6,7.2310944738654195,6.263701429294034,77,0
523,1.079647574981305,4,7.268732900591065,12.220189507082637,94,0
625,0.07142459297505792,4,7.296439461866552,16.750103888154577,78,0
410,3.8015792734879374,4,7.59134699031192,26.002381314983644,82,0
441,1.4948502014220386,6,7.618989812249491,13.920268212526224,65,0
412,3.74104455255375,4,7.483780827061496,33.5125997102222,99,0
536,0.38556213209456613,7,7.341684451316576,25.50654557787654,62,0
521,0.4317858517405172,8,7.451029639048903,3.2427924781257693,95,0
377,1.08407812052919,7,7.17142140703798,4.7622646376714615,65,0
369,3.033637687124567,3,7.399046585374208,6.975496622137731,83,0
486,1.9405103561734278,3,7.716079871562246,1.2516569524639833,81,0
473,2.6375330609610885,6,7.7296410148732955,1.1771488785465887,83,0
715,0.550954388048762,7,7.410570958592311,20.062874779557976,77,0
293,0.4013779637513437,7,7.4960523363534675,0.43654115219283984,76,0
476,0.7003866067440369,6,7.240661345281214,6.788367352981769,70,0
385,1.9639040335353963,5,7.5002695167609685,23.240273913553523,79,0
274,0.09296604545983296,5,7.590890944241106,3.927214492689945,74,0
436,5.703325504064882,3,7.65144710702564,13.963179732286974,73,0
690,3.2456147120044343,5,7.28575708141895,7.223281806712476,72,0
541,1.505674002411578,9,7.416528277659804,23.177937733209042,85,0
458,1.4975110672460572,5,7.5166298783096215,5.785563071548333,65,0
421,1.7154713687759626,6,7.4225669993449666,22.15750334196629,74,0
438,1.1252379661030625,6,7.561900025435305,5.45572602688863,85,0
362,2.209341665498954,4,7.385253884227112,9.217885296069632,77,0
426,1.3320576756131106,8,7.697558583970531,10.018572723851786,94,0
750,0.8816287480022693,6,7.512782615606826,11.966057154085517,79,0
465,0.25460007015521813,2,7.478689038173592,29.46491093455094,68,0
474,0.8135149934317585,3,7.532243013044665,23.266056197713738,84,0
502,4.031845947624136,3,7.698003137717719,19.92030106810574,83,0
508,2.3687985880135876,8,7.466180899606437,11.263284994077747,99,0
415,5.34715018638966,4,7.323616264450154,17.3006363357319,76,0
422,0.43058579726265517,2,7.2009003823234465,8.623919277764783,66,0
98,2.2361919127246357,7,7.548517190268456,9.00479837028001,85,0
502,3.9754430704511363,6,7.326178211019595,13.051637040161634,57,0
621,2.99911291603528,7,7.536100640304523,6.979718477567597,82,0
526,3.7406275154570845,3,7.500535757219839,1.0422230819400942,79,0
364,0.014352514350959189,2,7.76267808975917,6.676171553212482,100,0
476,0.5287336922828209,5,7.612365974985248,0.3056917024307785,89,0
691,3.473267852908372,5,7.774893484227375,10.12594995650494,83,0
613,1.4283971995775362,7,7.195456155880204,0.828235187339491,71,0
443,1.2540890783649468,3,7.917441517907393,21.150068632708994,90,0
601,0.8255960450040412,3,7.631222635415708,4.962921767666767,74,0
599,5.59709957421463,6,7.482112134372815,4.625587048990848,82,0
270,6.728647693212302,2,7.548389023185791,2.4106305999980964,71,0
754,3.0008129222227025,3,7.479231350828543,2.824620734531646,78,0
834,2.4633830057437502,3,7.7352249973315175,18.09210084052399,91,0
529,6.223142593686021,3,7.172690772083499,16.297335131889714,72,0
564,0.6012021269686312,6,7.571656045167569,3.7877079734218686,96,0
225,0.12904235599702232,7,7.688299783244014,6.568904953262676,70,0
382,1.494224668577607,3,7.456644271359257,6.741875360920845,84,0
432,2.8031562067375666,4,7.388940905940335,6.780103831388979,82,0
122,0.7060981929283728,9,7.514960746117873,8.664686321370915,73,0
614,0.08097069113511217,3,7.470018526939999,23.229502015703474,85,0
490,2.418499354944122,5,7.161461714136363,0.09409827822237822,84,0
277,1.908544205242522,3,7.832866133310649,26.672540737380288,92,0
529,1.9162833314434886,3,7.616020922159021,47.09482648671987,89,0
576,12.260607864646891,2,7.346621402137303,26.221595038365997,94,0
716,2.9480555389309133,2,7.551311946449868,1.3880094246232506,72,0
716,0.5907485731034058,9,7.642081825024484,1.3515725691900282,83,0
577,1.9309421063710126,0,7.495670595777196,16.369964427402437,85,0
525,2.8218072381652073,2,7.4626368451284,14.140805608409838,71,0
802,1.1156320006419027,5,7.374518351062518,2.7226409853716502,79,0
637,0.03683714855737011,4,7.786961566644384,1.1391063993089499,81,0
648,0.8870243276835551,8,7.495472866355091,1.3141226369021095,61,0
400,0.05500465507186244,5,7.422737165964999,8.293944088207564,79,0
594,5.153316474422589,3,7.125568760095787,6.568304194413122,88,0
669,0.1309082966840435,9,7.66273962593656,31.247895679146342,67,0
414,2.7176850526655363,4,8.0,5.729239707792024,76,0
445,0.4435952940741539,3,7.32746986772939,4.2347519203558175,87,0
719,5.384443609707229,9,7.55592383656228,13.341135511394118,68,0
312,0.8363775565297226,1,7.417542120126216,5.346448653175866,63,0
780,0.8120617203808005,3,7.6302800035561384,22.39762283500425,79,0
496,1.8649861992617962,4,7.12550592159922,21.4609167060781,81,0
330,0.6960822135806541,6,7.536932095081278,10.459882994132805,54,0
621,3.160115682307313,4,7.515583635249983,5.650381217970718,63,0
564,0.19575220143884758,2,7.386823551623798,21.030735004547477,83,0
538,2.709955004381437,4,7.787298184342343,20.887334655754778,92,0
396,6.895968792631782,4,7.350534715163301,19.469229132678386,83,0
609,0.7484662130135402,2,7.49287598297403,1.084128525483665,70,0
335,1.2401136683886125,5,7.334446135910918,28.324580914989475,74,0
604,0.3814730026867796,8,7.7702255185487745,0.2236188763708753,81,0
335,0.6446587419714385,5,7.299711804715975,1.512361230961108,62,0
473,1.9288796860284336,6,7.213374656171603,2.38882435192531,81,0
498,0.5039465886967818,2,7.3618989786710705,12.83347604884596,81,0
557,3.284423444135602,4,7.26932487267061,26.67893761525228,75,0
505,0.795542181250246,5,7.303488402620294,7.887741682646866,73,0
508,2.0782659634814626,4,7.737863317282535,4.654167473910687,75,0
555,1.2974448624426862,9,7.809520394198805,3.3323034672498295,90,0
459,0.922712346843279,2,7.374621896659997,2.8193467410251967,85,0
451,0.7203479546939306,4,7.417443446098152,2.0136316276696604,77,0
608,0.07200679404802386,3,7.604389961782096,16.950470342838276,73,0
332,6.211875921333474,4,7.171278939197246,25.527444909514067,75,0
731,0.7222732322625239,12,7.4815153996534285,1.0587879173362083,83,0
699,2.077019484084901,6,7.41720315220992,2.83502854310587,79,0
878,0.4340898953060445,4,7.707753344586609,7.613776536756735,86,0
648,2.897448141619798,4,7.48567971800213,0.426901666039265,87,0
762,2.047611511812632,7,7.545166565962199,1.6775156849679909,89,0
381,1.7944561367378844,4,7.536677238543305,1.1896714446803605,76,0
733,0.5106161409672508,6,7.633209396563576,6.819318538152801,84,0
314,0.22873625043587,5,7.648364829911161,4.30508675613887,69,0
422,5.4639794499846035,7,7.171120579824695,9.542945713847299,76,0
414,0.7806041417941425,5,7.80989323499869,5.287161819022376,86,0
342,2.2526718668697456,3,7.869846882377027,17.41108579542033,74,0
298,0.9756600120667155,6,7.521379414295351,1.488236909604138,85,0
679,1.8212690904939415,6,7.566145985191732,59.135770327475655,70,0
520,0.8498005211708526,4,7.322801889613988,0.1307042831349808,76,0
725,0.4315751894089184,8,7.6343116762387595,1.2660479598490633,85,0
379,0.39132917795189803,7,7.254235052649999,7.9895967261667415,88,0
539,0.5886256485492855,3,7.864246259848294,13.294304417572107,66,0
237,1.5336436318740179,4,7.569893946767213,9.102390643818334,77,0
429,0.07076121745915344,2,7.730866165168693,2.278304211167462,70,0
327,3.7128475902625464,4,7.588284087887592,0.7410907135785354,95,0
652,0.24874541618351945,6,7.5359263601177044,7.028747030731014,87,0
328,5.296050095696881,3,7.43539217845647,15.197479429796552,84,0
504,7.187183791061587,4,7.308339941082903,0.16721267697716372,81,0
729,1.8040007540988015,4,7.419189807589586,2.431285377699565,69,0
544,1.3257618993066613,7,7.371483561098644,9.909527941324205,67,0
389,4.979083850744491,7,7.496263330531724,4.967966893492256,90,0
426,1.3590483585963045,4,7.083667341992727,1.6862704250895484,76,0
693,6.484428696760659,5,7.50128417235164,0.6701556053872347,100,0
426,4.5263106171661205,5,7.617681304893558,1.3599640398376485,65,0
590,0.996134486238374,5,7.729152767410903,6.007979381368712,85,0
547,2.3662558702328607,3,7.375988409625033,14.95742586683069,87,0
363,0.39886103949470453,3,7.352430183889338,13.363287490770617,89,0
204,1.7109436758762857,8,7.490255326624456,11.372130928841797,74,0
934,0.7610450877705709,8,7.44837474111506,7.50535820436688,94,0
326,0.08372611684742433,4,7.275009722908366,3.753218764839088,85,0
372,0.6205424802953078,4,7.524857809188774,11.477691930285117,72,0
500,2.4131377704104264,11,7.702426078798104,24.802617149348333,73,0
387,5.1379207100286735,4,7.187453563197248,6.778535463024012,82,0
478,0.6039078381336418,2,7.545381636654891,4.233388117238991,66,0
231,2.9941449318820137,3,7.365611462896723,3.115046537946963,89,0
375,0.9171251390998584,4,7.5520367760811045,21.324407921109024,86,0
571,0.6073183332114456,4,7.677847205399155,46.838941504744724,86,0
301,0.04232604052654631,8,7.5028269753798025,8.681007405432315,86,0
531,1.6483246087085706,2,7.69540656699657,0.027610221675749017,81,0
568,3.520527767146322,3,7.6852873243690585,14.130678041120827,83,0
759,0.020955612113776775,5,7.389240317601496,1.578458360774533,90,0
496,0.8563342556164848,5,7.745577288671427,12.673274633510733,85,0
668,2.9258321655063826,1,7.752066058625506,3.248058861424788,82,0
793,3.4610936714061586,5,7.709800491715227,26.736320765954584,89,0
565,3.364804634948593,1,7.591213036120088,2.008020291808272,93,0
375,0.4321558080174366,4,7.521466048533627,3.0629159284114422,77,0
537,3.258969842363868,8,7.053234669685854,12.807208809220057,87,0
376,0.25686404145025055,9,7.729039474174603,27.702578976174188,59,0
64,0.3531905907850594,2,7.760396313865344,0.8504378690636087,100,0
536,0.9227919214897028,5,7.406582707143798,19.588376063884887,66,0
405,4.805959502877891,5,7.113666575269693,9.842569292016714,63,0
528,4.3184023199691515,7,7.441116601344647,1.0370491806213877,83,0
397,2.9973327918366763,4,7.6482183910869646,2.6320639258166696,76,0
304,0.4618100197164767,5,7.738141959698809,9.12715466363601,80,0
64,5.722801456226893,2,7.320995392729452,0.22484042167782856,85,0
461,2.9081536043178784,5,7.353154999431828,38.285107402322566,70,0
397,2.9486005501037855,3,7.3758646548599165,12.00101952978307,61,0
317,1.278697494149708,6,7.524042645682626,12.49869878092413,96,0
413,1.3077498362563729,3,7.626121993182615,17.53115718700414,64,0
511,0.8885649994998966,6,7.405136678959244,1.9422763697411556,70,0
210,1.6141516856692186,6,7.467509067185994,9.915266912258152,81,0
669,6.377636572330588,4,7.447238343101317,7.806383100929129,89,0
477,1.2790246958611038,3,7.62489023859071,7.016071279524318,76,0
304,5.41614696132963,3,7.310775411127601,12.755798028683651,68,0
462,1.577320170366854,1,7.573807756066812,2.5009761497094356,81,0
380,0.9584806213854328,4,7.543496660886254,13.992551471405498,79,0
468,2.7133009311048912,6,7.551600017063819,1.7455129150735846,77,0
315,4.30768526416264,6,7.296004733109369,18.980723297110327,79,0
415,0.8346176525060551,3,7.516932714505488,2.371720462825876,84,0
545,2.8623363955899337,3,7.573478866495651,1.407187227187222,82,0
513,2.304841329917318,10,7.402746348332879,1.2507424472059627,91,0
268,0.3020376848660528,8,7.718188059276962,20.540996733987818,86,0
692,0.49976736396307264,5,7.501998348490297,8.718052402385684,84,0
522,0.07806579954062459,6,7.657030784423641,2.917818874725055,87,0
729,2.7637130225486732,5,7.4318575657153625,9.68820033471602,78,0
312,10.021245025044834,1,7.497546316585074,22.263260113499094,81,0
504,2.3078394128009214,3,7.662030456998217,2.5862286066693683,90,0
374,0.06809244896634764,4,7.688892066055802,8.453903150103002,88,0
529,1.7103202921397715,3,7.283935123017668,10.737298825604974,82,0
516,1.877597141845538,4,7.724869006851478,7.584376296002112,86,0
504,0.10505438207682012,6,7.468281437521109,22.33405949276562,100,0
427,2.0628645412980053,0,7.578146634172563,1.9886394818435196,72,0
290,0.6458655387103766,5,7.2872119978113545,40.66378279208798,65,0
440,0.45665430699801096,4,7.762383626392473,2.1666791631059095,66,0
450,5.5972332564980825,3,7.8554114687608845,1.513173666091251,85,0
438,0.18546384592546658,3,7.226316872519214,10.944057928407842,73,0
912,1.6907833857823236,6,7.743119598617464,8.157513873075601,72,0
817,4.434830806264618,7,7.008773550120058,4.247562148608911,70,0
563,5.9677821543158265,3,7.476579121928385,9.930016477639606,88,0
405,2.947188664792418,5,7.666933970465311,7.743794240467308,83,0
102,0.02677849088588865,6,7.546493375332447,7.870295271904353,74,0
526,3.099525834107764,6,7.610675823791594,4.1430118640278115,76,0
436,1.9538384016554011,3,7.395817794669042,0.1458295501209027,92,0
649,0.16691499730916334,2,7.368135129686864,20.792597239314055,81,0
478,6.060636016720118,9,7.48161045608935,29.42027713004328,78,0
434,3.726669011240906,4,7.579018652787195,6.391202896182739,70,0
624,0.4952179099285428,6,7.4563691082568715,1.6498201393280159,85,0
674,1.6300875243259376,6,7.142586210635559,4.803726138376895,77,0
703,4.23016751349145,4,7.510267308140987,9.369570797047974,90,0
567,2.9431791737843263,5,7.399797634047295,0.5773061922450609,88,0
676,0.47726358790035933,7,7.589195609188158,0.9424344467190804,78,0
710,0.6747338714002469,5,7.7443701605147846,9.618461416414807,86,0
581,11.32788349258943,9,7.565086894631943,9.598369936134576,66,0
466,0.7434343399779366,3,7.0136679844582055,0.6610616707446731,89,0
536,0.9118005388880774,7,7.452490819188753,18.74791367990649,92,0
422,11.37750232756135,4,7.327749825708895,10.703232694782072,81,0
737,0.04770107480448415,9,7.214656125042483,3.014168025977284,82,0
386,1.272376587171916,6,7.401542481166327,0.8749434701003088,84,0
370,0.3164271155809496,8,7.478338833666223,4.315683988918046,73,0
404,1.0867826729776509,8,7.3368710032541795,6.439866336724127,86,0
525,3.897192549408745,3,7.534160187418217,11.69173948854162,84,0
576,2.0235754618415664,2,7.860999672168701,2.8763796147001393,72,0
344,0.19447976091928015,9,7.700070994244402,15.998931285662747,85,0
315,3.1413865888637296,4,7.473651339780028,7.042504927391075,76,0
482,4.201701713849264,8,8.0,5.684613235489556,88,0
639,0.521774951157722,6,7.26805359224793,31.74744632176031,79,0
743,2.7925545177288575,4,7.6027370844810385,23.870283981943675,96,0
447,2.1363711230068403,1,7.129059594957226,0.016148620539607313,73,0
563,3.069430194916343,8,7.699505075177878,7.220955091751643,91,0
629,2.7972810162966866,6,7.291833989125034,11.073577503846968,86,0
546,2.5146281104961283,3,7.6001267011957525,5.957195668387779,68,0
634,6.383542113813383,7,7.356366424281967,23.23789057812472,74,0
571,0.657863696601925,8,7.429186214460049,21.430348006958667,76,0
625,1.6505461438770537,7,7.5236108295988675,36.314187560620724,86,0
593,0.4121407693880863,5,7.600205003219786,3.4166605350070673,80,0
205,4.637534412168281,4,7.592037637815106,17.90452474852756,64,0
334,1.2666156142994927,7,7.669145398529968,2.840523209824641,76,0
433,2.7125783742153757,3,7.3584150345520065,11.508187331969255,79,0
416,8.073026932242644,4,7.34684628576064,19.842923825602796,64,0
505,1.3131563502459067,5,7.907041051714696,1.9699167448857309,57,0
763,0.5520028441212123,10,7.425661937102841,0.27873501261905415,81,0
503,1.4846540828259824,5,7.607209975601035,2.624143762624575,83,0
503,0.3503102961296686,6,7.728554466396315,5.070371326011851,74,0
431,0.16153039594612348,2,7.829123029094928,12.765492549696212,91,0
646,3.9504470396159723,6,7.717584548110115,8.241071570097365,83,0
512,1.9605418866301463,6,7.238067596792606,1.8349916028895383,79,0
377,2.088752044885149,7,7.233671188252526,0.29835560915713,72,0
500,0.938295185919691,3,7.968557545642141,1.9565258931521474,75,0
502,3.3003101491559845,3,7.737525567063386,9.861345066357574,72,0
555,0.1425755770864131,2,7.586787056898352,13.63040188768994,77,0
653,1.8637460076344596,5,7.3862080275246775,0.21789302645601627,71,0
506,3.414818627080659,3,7.487586878172148,0.46009314850804117,65,0
482,0.9291044766124946,8,7.3021778212344755,8.936367557765927,100,0
549,3.407138611072306,6,7.864973420828011,33.92926925998531,72,0
583,0.15657783668213088,5,7.086543111388467,14.763814795162599,74,0
657,8.43574316525902,6,7.142829037904986,3.9155199257038262,65,0
841,0.4138176565728046,11,7.6670860324841295,3.3441067287978,81,0
554,1.4177477127259615,6,7.53256137944664,3.3188028860709773,81,0
621,0.7676971783343918,6,7.176802088156903,19.68063345228284,74,0
679,7.533540326487818,10,7.519799793784061,2.90825449460825,85,0
561,3.2240142095937174,3,7.453142639792747,0.7158865447161551,62,0
395,1.3057380837447816,2,7.4642689568144,1.4081375665898617,78,0
654,1.502671567208604,5,7.592546874688954,7.236446492956188,80,0
528,1.2831235249652575,5,7.877066164762876,7.390019269351696,69,0
365,0.4334987247215031,2,7.682075789082639,14.928913340711885,82,0
526,4.463557071341761,8,7.053612006267631,5.822989406112626,59,0
468,0.30644205679476755,7,7.616206789319788,0.36683933896018656,82,0
686,3.9428068438718133,8,7.510831196461445,6.122338792990875,81,0
820,6.203504072616094,2,7.620025795363449,1.2349567159722712,70,0
480,2.2432586817567737,7,7.437928359314867,14.429616060997542,84,0
389,0.31620734890596225,10,7.785357003433042,8.25102695081998,65,0
283,3.3346661094849797,1,7.505725458853074,31.573670552680447,94,0
754,1.7448341902244355,6,7.4407205235407226,3.8162188647364683,87,0
476,0.3756162643049998,7,7.369920929622857,21.52469845834268,96,0
393,0.6821211650046668,6,7.388423328571277,2.577376656030954,65,0
758,0.5800044644515174,4,7.462604857780128,6.287669588389317,66,0
498,0.4820652832638643,9,7.80180459095379,1.7680709611474494,87,0
691,0.9071158982576902,3,7.507921524761246,10.211151085966216,72,0
413,1.1497748840860464,4,7.273279956517326,23.820730658496817,83,0
593,4.593544427994863,2,7.522413984001496,7.7152700186355165,71,0
330,2.2376445628829646,4,7.325755551187764,10.561998301727055,78,0
658,1.10655565602988,7,7.488590494568438,2.1580538478272038,96,0
291,2.098745573736289,3,7.34251943729484,22.439115425307588,75,0
607,1.130034667334639,5,7.485271508383533,23.565300403774394,79,0
519,1.8612700160413709,2,7.5123136749042665,12.529677024503243,79,0
625,2.4647517963564862,8,7.073900955135589,3.378135229353239,82,0
284,0.3499997969250123,5,7.8866308921677435,10.600554609753258,83,0
413,0.02026097487581501,6,7.154150632362585,11.180113890186993,79,0
379,3.187783352883093,1,7.251235260691184,26.01334735446825,81,0
668,0.5815654456819123,6,7.283705583388695,18.568064848404394,100,0
442,3.3529429559312156,5,7.236452213494926,4.8402280297869495,83,0
818,7.168649357694662,8,7.699652290167363,11.563080381234697,77,0
414,2.8957261172742648,4,7.43355772670853,0.29328293292710317,55,0
616,0.559850940839251,4,7.548925996143935,0.6603718732775963,69,0
552,1.683097686320811,7,7.462255507209608,1.5759017310535026,81,0
492,2.8801051242386455,7,7.233859181992662,2.7961402945724805,93,0
493,3.4039103589961277,7,7.374669365524436,0.2568587962616992,84,0
445,3.791146865547421,3,7.721356778500294,3.181563149705574,80,0
479,0.5854093367372359,8,7.5667997528458155,18.645747846968845,82,0
567,0.08360822451057762,5,7.702325012486114,11.508915621633617,91,0
427,1.5513108499374808,3,7.231809904299296,0.3177744095843074,85,0
614,2.98379914547019,1,7.6525059686706225,17.335616340623417,67,0
435,1.178278748583989,3,7.356903463382343,1.878330390854019,71,0
749,0.9798700162604114,7,7.855154353977357,2.82610785871025,75,0
405,2.9386813443992157,4,7.521770907534925,9.778194234142196,78,0
422,0.30317535440826554,3,7.469892721992594,5.4145005388208345,81,0
513,0.7926880526525593,7,7.693749147196323,16.420146201846606,98,0
775,0.437132618367793,6,7.578731464774944,6.29539485776302,75,0
275,0.1756623107786171,7,7.6686699647804275,8.459107595001766,88,0
343,0.05008130386591233,3,7.295008065852853,3.8731926541836,72,0
386,2.9809558769831543,4,7.633548080054531,1.6284481023807649,98,0
646,2.0883767540551013,2,7.6753143211705535,24.845378512125563,79,0
656,0.5860296964699241,5,7.479938953643059,9.388071692973584,72,0
405,0.14217124865115202,3,7.811270294233357,0.004596698720118662,83,0
342,0.7031212741806976,2,7.444323253126387,8.957854751229636,72,0
410,0.6553255133932587,3,7.703333933922899,38.799944307389595,66,0
596,0.8621524139399768,3,7.6143187429463115,2.488907064902075,83,0
450,5.737487235259102,6,7.640627338974036,10.741383393435932,72,0
714,1.671646139219077,1,7.20704663164984,1.5296262124787454,84,0
618,1.289886757395273,10,7.468038229634988,15.279560714601022,66,0
618,1.1172067993481225,4,7.381605320050646,14.926979180816193,81,0
535,2.921211689695307,5,7.5284322447776635,1.714467063313798,71,0
686,0.4195662579425606,8,7.621787605948122,50.307844991849116,100,0
684,0.5120077719457051,6,7.206372356457816,1.4302388553305787,100,0
537,0.32143317636758273,7,7.270771115086172,20.04486183979065,84,0
587,0.0016286653978034784,3,7.618769407213648,9.824404339852027,71,0
318,0.18432472199398947,8,7.281513599152356,7.222867138250742,82,0
423,1.290238395020458,6,7.465758912925872,5.940088510348617,77,0
792,4.625352866898067,1,7.3701117096071185,1.5942289838652055,66,0
908,7.259639427281432,4,7.386054327628062,0.43961951271812627,95,0
452,0.7092303182855898,4,7.419522920108627,19.73072398435101,79,0
652,3.9741338760893683,3,7.703648357054683,1.088119969537717,86,0
472,1.1289491758623456,6,7.244094075234055,11.957203594097708,85,0
536,0.7924318402927605,7,7.22495659340443,12.14221147844471,82,0
461,1.4450096977341365,10,7.396610460908954,9.13217698830129,71,0
413,0.2328910237334338,7,7.526555311041247,22.48541443502258,74,0
728,1.429988924119142,4,7.823570131379866,0.8330259256461269,98,0
232,6.254379515874804,1,7.658082829560048,29.57270583194365,81,0
439,2.8379417707350854,3,7.388384723027235,21.922766915788607,63,0
159,9.528383044072946,7,7.1863169866655,22.673165113013937,75,0
552,0.20841177201058497,5,7.23611511991248,1.4050675331145883,76,0
269,0.6885557488941018,4,7.621976242944629,9.75513833441472,76,0
449,0.18964089178086918,6,7.72265130941438,8.447899744580425,89,0
836,2.220975133385463,4,7.342064088072441,12.668531073402395,86,0
429,0.13167299770603597,4,7.115743785350645,19.304671959458197,76,0
238,0.27270626092091926,5,7.477443496025177,1.3942692119621014,72,0
377,3.269767991655206,6,7.352823184267666,40.434220914924204,69,0
413,2.9613814499610114,0,7.648670765101146,11.59912985073329,75,0
561,0.9917906968380723,9,7.305244370742927,18.623242091006574,67,0
417,3.791545389369713,3,7.164928292572445,21.206310371319567,66,0
501,0.7256309784771658,3,7.73362729147499,17.185189177779463,92,0
494,2.0432997809564184,9,7.4668767883042095,1.5347172522646224,72,0
476,1.8289155009818827,5,7.49767244623348,27.24932966386414,81,0
580,1.606851349743775,4,7.6297374529669835,7.989704069785869,88,0
597,2.2537809406671663,6,7.665428484902203,10.255350855661822,85,0
550,0.3093086557322036,5,7.551342566631435,11.455684246071305,82,0
507,1.8515361834413855,3,7.174023353958387,2.6640920171344744,77,0
680,0.010353901755855214,4,7.084177386995722,3.6561531962054543,85,0
603,1.2746810944800129,6,7.396602145300282,13.297630018845265,71,0
451,0.04447209011969854,10,7.311436073773889,0.824364188374906,80,0
378,0.8991552032176384,6,7.702531340238291,0.651809739878866,89,0
661,1.0505050534469493,5,7.704868996784766,36.34520429562908,94,0
568,1.6939540148100436,5,7.8167874057597135,8.942517544085108,81,0
484,2.0208957885371497,9,7.888502043135135,1.2645086936498453,87,0
546,0.5332390465588646,2,7.577092672557162,16.92345875536859,77,0
456,7.0834699679842625,6,7.4636563436214445,8.208104359388525,79,0
503,0.30943869527667844,7,7.350201967252265,4.295159997182304,75,0
832,1.3265123129040504,6,7.366493374913123,0.6383855313931315,90,0
481,1.455113707547123,7,7.497512425829201,8.54142754224808,84,0
691,1.8030622288933917,5,7.191830745024792,14.433310396443932,82,0
606,4.676639913866682,7,7.45329968369457,26.316860672731785,75,0
608,0.212044497277741,7,7.4553350952060375,0.6162348112135831,88,0
384,3.542180449153591,6,7.570966016029833,9.700747317779445,85,0
406,1.0986235394131032,2,7.345746697089883,30.05138955670345,78,0
406,0.7148191426876338,0,7.797774069443053,16.91394375315648,74,0
510,2.018880028305688,7,7.760446835495736,11.489641632417797,66,0
380,0.0783319399619805,7,7.781273794531824,3.839111490972712,81,0
426,1.524248205264606,8,7.501695178219076,4.039677039956368,81,0
439,0.34750482142069844,6,7.430022751932276,5.668024324891995,71,0
553,1.8091666722167739,9,7.4867295435193695,10.151836024312281,85,0
274,0.24402512729383408,4,7.114564341455003,8.254576841757315,84,0
443,3.932298351449485,3,7.295695721028622,19.03971132743869,75,0
311,0.2531708969896113,5,7.420560721205356,2.507006738598328,76,0
510,0.11241479133502849,5,7.497283121853563,8.720592819070857,82,0
447,3.181939804763276,6,7.47926743056972,11.249767364999247,86,0
672,0.17667937360443617,4,7.916395979190375,3.435514735893737,71,0
366,5.356139366399793,4,7.62777131100325,6.6405950667837,86,0
583,1.9705374290454014,2,7.667322086251756,1.2467598485420741,91,0
470,0.7405319004271242,5,7.4533721522428715,4.5887709096626,89,0
352,2.4185361039924267,6,7.608106589032727,3.8247572124183478,87,0
310,1.2598603703230762,2,7.481803864692682,13.78149491956953,56,0
321,2.5525483152269888,9,7.790127366555335,10.251299192657875,67,0
480,2.812551225267736,4,7.620332515329883,0.6663918612243703,80,0
405,0.39346759064425585,4,7.75195274607357,4.055812151720381,74,0
512,0.6204054797894996,10,7.378072089644572,1.378685536160241,81,0
366,3.471378842431662,3,7.627698238663903,10.471845316813607,85,0
520,2.2108576905912782,5,7.024142238764332,2.754843489521868,86,0
680,2.070895579871688,5,7.218935763663862,11.611525842450824,66,0
258,1.6084906967220332,10,7.797350351543619,14.097913488326345,71,0
601,0.958167661088212,7,7.573301478322236,23.337989847895525,55,0
510,0.2323060449367553,7,7.182408579348979,3.284449802705105,70,0
635,4.95479616340096,8,7.32541139958611,0.45355022758055463,80,0
455,2.8130140411584876,4,7.5745168594074865,0.9374061169614938,72,0
525,0.9052064148407736,9,7.346148539382634,7.177585407773086,93,0
531,0.16697460330859049,2,7.337466385706971,24.302697046592073,62,0
645,1.1255682470085293,5,7.070159387429338,26.253007204444426,73,0
565,0.15887535773035424,4,7.464416824329531,14.519760055066218,94,0
664,0.7364186228753329,7,7.386757059703898,22.32307795650207,73,0
564,0.3449793716451821,9,7.4388133437314705,20.169331298594187,80,0
500,0.14224813286373011,8,7.141573643176102,11.120459834017842,88,0
479,3.8843083882722653,10,7.359899024710016,7.113689838123786,77,0
505,7.442057025795866,4,7.481806572334233,41.81169061688234,92,0
494,2.2389216485739505,4,7.416475340605398,9.78279826443046,86,0
269,0.7503180726863947,2,7.771471074829815,16.529339789705823,100,0
776,2.246321492720867,4,7.2178981229617865,15.339017166360795,95,0
554,0.45317473520122276,6,7.173533630695648,21.248929043288804,73,0
469,0.09986802248334231,4,7.592627876655455,58.097700962378134,99,0
560,11.222113735233789,4,7.543778849112795,0.1660133477546709,72,0
481,14.855084449017387,2,7.561635362502909,14.819767364330534,94,0
446,0.4400001729759392,3,7.238534590506586,1.167658890587675,72,0
486,1.5276139741869896,4,7.357393719975213,7.8819679217674405,78,0
383,1.4508252870013245,5,7.4517584763483224,4.0852259692550055,77,0
388,1.0959700631546665,4,7.40999748088228,0.21091832667067492,79,0
740,3.1420123797993944,3,7.690816670147991,0.5553038052344016,100,0
515,2.58573884398102,5,7.595435188473037,0.983619888876897,89,0
597,0.04515685177935493,4,7.78274949044889,21.571795302933392,73,0
308,0.8570105803575955,4,7.384371430204223,10.919398679432103,73,0
724,2.451525807338618,8,7.525086818914252,14.836895883487852,83,0
306,3.3250266046597243,5,7.491796709272638,4.547089287229104,72,0
729,0.33350484598180025,1,7.348184254250271,8.29623036337616,82,0
484,6.19612927982108,4,7.753820001696639,12.234261787766751,78,0
482,0.6841872779355789,4,7.505016316870439,16.802455953717896,58,0
408,2.4337994132428507,3,7.848581584833045,4.069606493587424,81,0
476,0.7050042887055346,4,7.519240461337346,13.089404785821861,92,0
269,1.7948655627534509,9,7.84244586766475,11.26903786703007,77,0
508,3.629969032958743,6,7.434257773192883,5.41414672844787,69,0
712,0.1989566171747288,5,7.35952057793812,3.4826161443823453,75,0
397,2.4069961523830834,6,7.635130373728939,38.77522250381328,100,0
236,2.715936414188398,5,7.351489539276893,22.403505553051563,76,0
150,1.1253493829650743,6,7.750967343413017,9.995736411538784,78,0
728,3.511113025881986,7,7.525277766630375,11.910662707209399,92,0
708,4.390634418019732,4,7.387456819949007,2.270391659996887,64,0
348,0.44225059630502156,2,7.562358208794388,4.988936139507148,78,0
288,2.7010340563545503,8,7.253984930259509,2.0725678720061986,82,0
750,1.5774423159279318,3,7.369727309779467,27.983770384566462,79,0
417,9.2737266300876,4,7.374099775443465,4.383117520428021,66,0
582,0.3877424360630202,3,7.523814298580544,15.744848970939012,76,0
379,2.232753169607283,3,7.659718565566179,16.79202267564893,85,0
670,1.1001253231760417,7,7.242686402628747,8.176748894113045,89,0
298,0.32172671839046346,7,7.569685862614235,17.5657317088114,88,0
635,0.04373673610750999,3,7.521653787696839,19.044823975014573,77,0
333,0.22458894095818335,8,7.564699581183073,4.976722970506206,80,0
497,0.075841871315995,9,8.0,13.636552758598867,88,0
530,0.06791468649456994,4,7.599796966700994,7.726794005043899,74,0
556,0.8504753450173481,4,7.283508730091102,5.310754035039503,95,0
364,5.151547015917874,3,7.5784882989403775,23.66194433920366,77,0
758,0.2789485653305183,2,7.507674250922382,9.241849955959305,92,0
518,2.023282533439886,5,7.363681676574977,20.77272180795216,71,0
698,1.4745799888134208,9,7.503298234800451,4.327473654572974,81,0
616,3.8780050903737178,4,7.679464551126379,15.006368671018283,99,0
535,4.213206873093148,9,7.67618860214428,7.641948850048283,84,0
563,2.0760465276532543,12,7.976351326672033,15.289892579878583,93,0
609,0.011937266815292356,8,7.602486202666596,2.0825168796102798,79,0
480,1.265619804466483,7,7.863615464396433,14.606825260290325,83,0
377,0.8068996384881747,4,7.6082923215994525,2.042866780084621,66,0
623,1.6109522821506204,2,7.499326224252756,10.376024784646393,100,0
511,5.221365596452505,9,7.175148772184988,26.38759475749446,77,0
293,9.072036753903,6,7.487693886017821,12.89633127494702,95,0
714,1.2409871431694692,9,7.434652675425458,16.34892280664129,78,0
595,2.72107485231354,2,7.726701867113935,7.362670990058353,98,0
501,0.6643131718259802,4,7.640100396703282,6.249076751517099,81,0
525,0.6570944396975728,4,7.435636499413157,9.699531035795797,81,0
357,5.784608982230748,6,7.5161425089791845,4.4897225044263465,56,0
513,5.56559654707652,4,7.42201403339202,5.624366604649287,84,0
554,0.5119092597054832,2,7.49910689413628,1.1799241179193771,58,0
371,0.8759538218870794,7,7.313161218728396,4.116807047195668,78,0
502,13.265496857484136,5,7.8925915722766335,14.514803008140074,79,0
353,0.2575251138645695,5,7.3650190725367946,12.276404197589086,79,0
371,0.6403753443357927,9,7.554736765014505,7.877214819949,80,0
286,0.03108328509525143,3,7.655042826212302,18.63128613875873,68,0
481,0.7662782202547153,7,7.350009627634344,16.903963442487406,88,0
309,0.18617618237098715,5,7.247321909088701,6.669508539939462,72,0
295,0.24921339934668862,5,7.526954406608199,6.866702687663702,70,0
656,0.6248736951280459,5,7.592640226532578,6.324504880326799,92,0
530,0.43236132237899016,3,7.95425071948752,6.867459516827482,83,0
600,3.111251125364782,6,7.611429491007262,7.736722966197816,84,0
592,0.8371539303478354,7,7.729765267772029,6.079071743786335,85,0
481,6.3887351583521,8,7.096144952216715,5.114967221415629,71,0
652,0.8811649318599066,4,7.030416963097176,2.0379915381965272,82,0
356,0.8715407521182613,2,7.290706976541997,5.5737375622173815,74,0
238,0.8973443223015578,3,7.3444265770203465,2.8630049024578903,63,0
408,0.3842389257012422,7,7.48275246951665,14.472818217521333,71,0
567,3.1323678878876646,7,7.3417325319842215,9.823075692001208,77,0
530,2.937871333077557,5,7.335292833119574,11.773918569114914,63,0
211,7.216738049326263,5,7.408163734861762,43.09262240793278,82,0
649,3.2157915224436504,6,7.660022243101492,1.3868116255974656,78,0
434,4.031488390022858,3,8.0,0.6356707324322424,84,0
811,1.32061366168082,8,7.444131371331317,2.1267045614210582,83,0
355,1.0037013907139372,9,7.419559409047766,4.893192969337611,84,0
505,1.7160213131901663,5,7.346529661682271,3.899523613520617,77,0
651,1.421318180329444,1,7.6875868394442115,19.784213429495985,79,0
184,2.2503936993198903,7,7.573688249240937,12.287834157070446,82,0
259,0.1354056908483463,8,7.74985652518356,4.493416190027072,87,0
597,0.7340058157116175,2,7.455901022981263,3.8011688390116527,72,0
544,1.6111219407967843,9,7.3868988509908675,9.020685819469008,76,0
382,3.739010690550385,6,7.641634117751716,1.411847290880313,94,0
805,1.4046214594734012,2,7.663197445968618,7.436168540515855,83,0
457,1.317360995781124,6,7.4124366479283905,12.439107735711719,89,0
746,0.20745812189410962,5,7.645236740829197,23.222842584681686,84,0
160,0.22334051624501122,4,7.56357645686993,6.228237137127105,91,0
302,1.2512519486377216,3,7.577907118323313,6.895128250932689,67,0
770,1.7880796465662732,5,7.442228653314082,9.014543207555835,66,0
722,1.0607538758836914,9,7.279722981676081,3.2495790724274336,79,0
451,0.30020692004756544,3,7.090706668150671,2.3237330773736007,79,0
280,0.421470612994908,5,7.621285096392433,32.81812959343822,64,0
373,1.0168154530821987,5,7.244147413847174,26.8343801920088,56,0
358,0.9848760649781667,3,7.631482557157771,29.304068364141635,85,0
583,0.12898099219094417,6,7.971961068065128,17.72204019761252,90,0
529,3.2738922130096006,8,7.5658470784674625,8.610211135859576,65,0
454,0.8322770073982583,4,7.520131573180763,8.042422500342653,84,0
491,2.1122605493730684,11,7.771377424587789,3.3642474731784056,83,0
554,2.7460641172247633,3,7.378615147906035,43.951904902134686,76,0
385,3.17215277936429,3,7.761976127911675,11.115445690267654,70,0
824,4.433498431832972,2,7.623798096133369,3.3972027252112795,92,0
550,4.685125151093612,2,7.549581377561046,14.384440254862005,73,0
401,3.9761168444404498,4,7.628807665193419,26.760770565749947,100,0
423,3.306417288910832,3,7.541251411496417,11.614426631427431,87,0
542,3.251626619341421,6,7.780947435145338,1.6681244788075176,72,0
438,0.02550850084255237,4,7.673588673306861,12.596308692770696,79,0
698,1.3819591644012352,7,7.815391035983627,18.199663097832296,60,0
574,0.5503305917346251,7,7.285636333435857,7.493560574556333,96,0
397,2.989548633545333,8,7.550442914034745,12.174616228111573,97,0
554,1.0056030431197123,4,7.508530970655119,0.4900353635046284,77,0
634,1.9179083134149246,11,7.455695951857993,4.914734012584074,90,0
783,2.591160885068339,8,7.659407060403494,4.473882171205725,89,0
583,3.039828871745594,6,7.5444265794113425,3.5713308294835993,74,0
640,0.667530875816263,3,7.627756257478619,20.706621410243798,100,0
502,0.19344777838211225,6,7.480151815670384,2.5113330673338403,84,0
425,0.5496060460380631,4,7.5628055630499,37.15513515764857,64,0
709,8.04574839159593,4,7.367188460477632,18.231546722845632,78,0
828,0.7528249011746222,9,7.671604348578532,3.9996587084332145,90,0
530,1.1142351607766663,6,7.627941163662708,6.389758259987433,84,0
488,1.1132536104729591,5,7.309972557342724,22.882817105174546,92,0
334,1.0729129270974287,5,7.169921440436775,1.5321855745078516,74,0
536,0.8275028429951665,5,7.861333875387191,2.0816656346160696,78,0
573,0.9568352962304628,5,7.264994749655268,31.313291795056482,73,0
427,3.8133109821155324,7,7.538077834747808,22.721573609160046,65,0
173,3.0040583547074156,6,7.357300591933991,26.305790799959286,62,0
230,0.04224192970380354,6,7.659321117256013,16.154025354324656,67,0
664,0.31196997603792304,2,7.559391589910615,4.522660527181835,81,0
574,1.5482989642034843,4,7.516279587946103,10.481428684618914,80,0
363,0.6128669355521856,8,7.995935742935949,10.09283026864389,80,0
549,3.1451155299771654,4,7.942470032865804,3.495371681618948,78,0
134,0.18287755914246215,2,7.554596205927646,1.8168174700393211,90,0
440,5.940240557054779,3,7.452698623612987,1.1974101638374492,94,0
768,5.098437856659279,5,7.384241325593077,24.14281251313058,80,0
702,1.0052735274235747,4,7.620740864399472,5.632387980495224,100,0
226,1.0012727295321486,0,7.6861071600464435,5.192466056556735,97,0
747,0.2781112415989234,4,7.458995925127447,16.941668590818296,60,0
308,0.09782010993116101,2,7.678867150954674,1.0816986067703254,75,0
651,4.644050785535911,4,7.461832106596973,16.656498180072784,69,0
470,0.7920565501871684,2,7.913857281612275,25.23872833623595,69,0
294,2.3590932867460315,5,7.442337042479498,4.207379708084352,75,0
635,2.9642622814073127,4,7.4083329131836395,5.495565687136916,73,0
362,0.1263156406052548,6,7.558165009606175,1.2164979745683444,99,0
534,4.663567822224019,9,7.2684946671303345,5.202913401451454,77,0
325,3.326619286869045,1,7.675508923740305,18.29765035913272,92,0
578,2.0757744881703437,5,7.610183578021152,26.71573985644702,72,0
359,4.806583565233761,5,7.501021841957348,3.9235958854392594,70,0
460,4.198502789222662,3,7.103672276013276,5.274243464270912,89,0
574,1.4245422988732117,9,7.445964264819961,12.517841600128568,78,0
558,0.2990100181404521,1,7.543365194185696,0.5450330391608718,60,0
319,3.285772749452654,3,7.740927283344284,12.44348265325822,90,0
225,4.951976878256732,7,7.81535211316826,1.2674130128052679,68,0
746,0.684383558338321,2,7.655438108668418,25.143643491289875,78,0
455,0.984250729350057,9,7.66354877444298,0.02929668866230343,76,0
563,1.2060631207483328,8,7.692333289390774,11.62778140058025,99,0
765,1.9930742352343924,4,7.78621648428546,1.6687955424684129,72,0
225,0.7939678218181259,2,7.453223496287545,1.620725181311651,74,0
672,1.566573772901455,8,7.4428514538267345,6.414886828272973,71,0
786,3.0285860578438335,6,7.383123191945964,11.460661814051232,79,0
387,4.407160837852819,8,7.13335899652049,1.7185001194050287,91,0
470,3.4350820173275602,5,7.72222659067089,9.892618418636129,70,0
632,9.160050446186672,9,7.157167069631302,3.938874102289412,91,0
458,3.587652292615594,6,7.777982549846636,1.0372044940584932,70,0
459,2.129186891319854,6,7.511542417565461,5.4919439788460265,89,0
632,0.4563918569465319,6,7.3798109504018745,2.906697791890827,73,0
723,0.7770356082018677,9,7.409947023608776,14.697802342839676,66,0
503,3.681524107183941,3,7.522690348016454,4.253982755088725,79,0
561,2.0624390698787494,1,7.397576338189291,17.575031954905494,74,0
237,0.5418601725223539,7,7.729743779370902,3.165719801717567,74,0
414,0.025367591840516873,3,7.372113160594963,0.11715074251330124,86,0
451,2.430880122414503,8,7.619408295491262,7.649302138662878,87,0
436,0.3310091320733056,4,7.34068354655679,3.662715798841739,82,0
390,0.25322598525685014,6,7.480078132646323,5.862759164983143,77,0
638,0.31491856144840524,6,7.256863048860589,6.157647226584258,85,0
659,3.0926241439056654,5,7.2361988264368,6.929020913371286,69,0
577,4.799142918247218,3,7.623578582579601,12.274918217920588,100,0
365,0.6016142910566058,4,7.354477547553065,15.96100335622372,81,0
460,0.4770927001106022,5,7.55739834614709,3.2928238235077414,94,0
703,3.0031867700834667,4,7.331714163325244,1.360079690558703,78,0
389,0.06546594795019904,3,7.386365920149454,1.7917663458673936,84,0
229,1.6149651382132437,4,7.629702763579833,3.4863483731376417,80,0
462,0.5101019711820561,7,7.547216150088258,25.057298609543047,80,0
243,3.203385504309088,2,7.329338593655575,1.2800738564867649,76,0
494,0.02297465821658942,5,7.671427897863933,29.162123595906415,77,0
275,2.269633594174057,2,7.6025015803299,0.5271363801192676,63,0
608,3.6076268903123294,6,7.5429898404651,4.846329239153382,89,0
433,1.447958199141296,3,7.716109774713562,2.986068889698505,67,0
450,1.4373742147817261,3,7.296754687577971,21.14718201357153,74,0
778,2.9014837524129797,7,7.49240646886102,11.007414966522486,70,0
513,0.5435733108593004,7,7.476180315775242,5.8803119461335465,77,0
458,0.9864962832860501,4,7.673454526127429,1.079974121969606,100,0
477,0.058193148334331805,5,7.3351108425348865,3.9917066773176924,93,0
587,0.5444169488037264,5,7.656953960455384,34.056137195296486,85,0
542,0.718099274506928,2,7.538903358104679,17.920227605965394,85,0
520,0.13496070356520037,6,7.762338288769096,0.30670196692676754,93,0
628,0.21565787524533733,6,7.663229233068128,54.423970377213806,70,0
541,0.4882748532276007,6,7.51952687714981,11.576001075474899,88,0
431,0.5333598485199897,7,7.753165392418625,1.8341749484909005,88,0
488,1.2161912347977477,4,7.567068034374496,0.2679830660688097,77,0
289,2.2032770457881625,2,7.605046264412083,35.85115806076451,76,0
808,0.42826709350861925,5,7.13171621040894,4.64062976030175,73,0
330,2.047463586141668,2,7.704941757544361,34.92232896098433,88,0
514,0.9710401807777638,4,7.767449501954916,1.475087702115604,66,0
460,0.31171069892939984,5,7.376106830826081,2.9290696722485183,79,0
495,1.6229755219343311,6,7.533604393088998,11.489098082431662,70,0
673,0.37375162467809436,4,7.700389747014846,8.53965230513689,65,0
435,2.742075819276019,5,7.368370433969057,47.22251201120546,83,0
409,0.7313418353153576,4,7.312977855121912,4.043340582472982,72,0
715,2.917351875428475,4,7.614171067709664,1.575955432915935,66,0
461,0.3281303000885305,7,7.714981417263053,14.141257004720337,85,0
477,4.0743332641965475,7,7.631354139558596,4.948749014979491,86,0
710,9.68792319259475,5,7.597273769226302,20.341549758643453,64,0
252,7.645136256122001,1,7.214992418701163,10.475849530912962,83,0
414,0.4998509065523486,4,7.459085328956728,2.319532860965024,74,0
368,1.053019141732604,9,7.605981010254749,20.96985803078406,79,0
499,0.15633606124041022,6,7.893141588311094,2.8477746981898386,50,0
445,0.7521649619284749,7,7.486044203239894,8.038382867619106,88,0
516,2.8666067188967834,7,7.354209601809602,0.8628707563261122,80,0
467,0.6723928209788893,6,7.8673159315797205,8.358628348069196,68,0
830,1.499819535285577,3,7.5945731857573096,3.14912764537329,73,0
170,0.03125894198381395,0,7.281868042171245,11.226359663802716,80,0
469,0.2974493974079484,2,7.888708346673214,19.82818118482031,77,0
557,0.5163982940069956,7,7.353296975844869,1.5249129108113078,83,0
293,1.0326086436535373,1,7.62769914096633,16.835265747685156,77,0
580,0.47412998254314137,5,7.847679882785986,4.348695048676118,81,0
547,1.9166389236481982,9,7.573940407481179,12.404211066275135,99,0
368,0.847152479949547,5,7.294006531797766,15.588183593992593,61,0
376,1.7023410696563794,2,7.25322522048125,12.715620922402122,93,0
600,1.023207812450469,4,7.5340804089564255,7.209020358312551,88,0
377,1.3656683721445702,2,7.32783304161327,6.882719899773363,81,0
709,1.0199379435271114,3,7.45586023914158,9.81361039149014,84,0
315,0.6314284773579711,5,7.419554300216582,1.8039743798034453,63,0
549,3.236051231591482,3,7.5198973915898675,4.467150752045052,78,0
64,1.5452401456407028,6,7.530263597023814,5.846849747754308,99,0
404,3.5334360099581468,2,7.780614387544014,25.259164218324294,71,0
288,0.7660520687652727,4,7.630900162842568,9.64744437188786,78,0
447,2.1835302199155926,3,7.5639695913741996,9.223135798519134,86,0
542,0.22586502649712834,3,7.399480018544629,46.02739040962579,87,0
288,2.106365232490458,5,7.5131302888911105,14.893329978560024,71,0
395,1.3250644086900674,5,7.243773482632685,12.046275605291106,92,0
459,2.283875626677134,4,7.5407303216014,22.80489044188773,74,0
482,0.17870343694616295,2,7.257480080279803,0.05843935544322932,78,0
384,0.40217052838566825,5,7.883017449526832,1.5238425726644065,60,0
207,1.4084775606153441,7,7.086567028267224,20.33178088885119,73,0
431,1.263982782136847,2,7.544072613517025,0.22571491257446394,80,0
547,0.5188066128589651,9,7.640353010587266,13.176471438502928,81,0
515,1.13879351267445,5,7.644442809486869,19.810200708068745,79,0
420,0.4510767801646842,5,7.612130433929759,9.542606636265436,78,0
245,4.867628901859852,3,7.206570800267579,2.9504836261109935,93,0
552,0.833601170135958,7,7.206834818433255,2.5377335928304667,68,0
494,0.532529440848356,8,7.538008411351191,19.58060487063445,79,0
475,3.6764399733426827,3,7.298558645174037,6.915981082815694,67,0
501,0.1802600759097929,5,7.378286756749966,25.663965295687717,88,0
573,1.7050767027705924,7,7.548997121707037,0.82708340428632,69,0
603,2.8323256279688707,6,7.365142080702739,10.912372636919978,91,0
711,3.286879582464854,8,7.490465853960086,14.026505850371048,95,0
333,0.3955074512719495,0,7.48504499455259,21.498778331763653,77,0
390,6.764614240693456,4,7.541296191300413,8.084341815687564,79,0
508,5.713336673140691,2,7.487637649330354,2.837319869065225,65,0
491,2.03899913757322,4,7.4779198222299055,1.139717865507452,79,0
761,3.9582196027961616,5,7.163852011015989,9.815661791137359,85,0
422,3.562880341743997,4,7.661058374167571,13.75461936012101,95,0
253,0.7939838856201004,2,7.475201138468324,6.3440252624318925,62,0
518,2.1744519485540863,3,7.367677684886027,3.8647854297784425,83,0
471,0.7590075657003593,5,7.597578732861652,2.245126089866548,74,0
497,5.255240059576967,3,7.516944523479346,3.074206228150408,86,0
538,0.23261075918342397,4,7.716546805403009,0.06712107785031571,75,0
386,4.210851015406216,5,7.489315296802554,29.00126570680786,84,0
529,2.249316730939019,6,7.349186960125249,15.703140615801441,87,0
444,1.987883828976452,4,7.23518893721178,25.5914253014021,77,0
627,2.0705612104937337,3,7.859844429658863,1.1579772344188806,94,0
408,3.0308806752830293,3,7.789757064913546,4.243865595272879,75,0
659,4.007877362015795,3,7.459083823636955,6.1092682991861205,65,0
419,0.3648083662870881,4,7.606826221108315,11.218348476900225,77,0
623,2.5079529342389413,5,7.303184982968833,3.155411335432279,70,0
653,0.8241653776954128,9,7.915950021462455,1.4327612432157288,83,0
652,0.7920968575491758,6,7.448852125894022,22.21144478930516,84,0
403,1.2155909215868848,4,7.8993643290568905,2.9069723133959355,82,0
438,1.0760094121568784,10,7.50825681930249,3.340886350162135,84,0
470,7.894393683838326,10,7.693700068740197,11.577757213364887,84,0
449,3.127298105507757,4,7.7980115585043945,2.988195704755669,73,0
627,1.2908682313771012,2,7.265423641410821,7.343138718787219,70,0
446,2.106301217271571,6,7.496289915154028,4.513294509437234,57,0
363,1.684679629648509,8,7.907397332569274,1.837059649872324,93,0
567,1.4652104082273547,7,7.655419545747269,13.697955194433074,78,0
481,1.7014384697638407,8,7.8434746744934145,4.453606190301816,58,0
612,1.7707195368787292,4,7.609113372424118,20.15634201315936,71,0
392,0.6183391295975698,5,7.59356046171472,1.1208030941115745,80,0
489,2.4308403047909244,5,7.476322323499692,2.5238370204841223,66,0
564,0.5325714658301562,8,7.450971199668098,2.1418226744140103,85,0
594,4.032129073146434,3,7.740684990466387,10.542585166602317,86,0
352,2.390568287166242,5,7.081823677587772,5.149934058516221,57,0
744,0.10606177000897889,5,7.395730354909107,3.6648833279260895,81,0
308,1.581079533649816,7,7.2830282737734375,2.753213359357471,100,0
498,2.217391462922879,9,7.4883475025732995,14.369665238959504,64,0
368,0.39169599858377624,8,7.269356882290752,4.100005577181895,44,0
568,0.05204641061082835,2,7.435515110051363,9.776658486968586,72,0
400,1.5468792616710423,5,7.225160304991545,35.743644064676005,97,0
490,5.240544173189857,5,7.586685908037879,8.988078560944926,53,0
415,4.375123628150256,5,7.56315637504094,1.1876791493146444,65,0
631,1.5862031594631867,4,7.6214229992012115,6.122829068617892,64,0
492,8.833882594003923,7,7.761322853129786,3.0084984025834953,85,0
778,4.842932475368428,5,7.178394806474925,4.724370578909886,77,0
319,1.037157362620257,7,7.566008506762779,2.303380519805785,84,0
710,3.452891044151485,3,7.161036586897221,4.337745567351982,84,0
477,2.9380810636187453,5,7.47684853049255,7.696473079965006,86,0
787,0.8203316199382988,3,7.79985369311491,2.544950952433191,91,0
716,3.3901295170676775,6,7.4009580761860505,1.324141856487131,78,0
548,2.438921709766238,3,7.405615206498782,3.5819790400141542,67,0
840,2.2699639183527913,4,7.99625652876553,0.667090624311687,85,0
638,0.7647851340856135,3,7.479734179809436,0.8818672244290069,85,0
704,0.6834163995545061,3,7.468767408040235,8.247285482234668,78,0
569,2.2863033233573273,2,7.568860894140921,14.016391278619654,87,0
603,1.0008495631387961,7,7.571920532273049,2.2910353979940714,83,0
469,0.3947547699406354,4,7.183125426910686,7.589484878705015,74,0
265,2.186357414615118,4,7.25848180295886,2.906324410291292,93,0
694,3.1872910417747415,6,7.371435970477354,0.262107755008209,68,0
467,0.6827835376452702,5,7.5477856917530035,2.5245591192704113,54,0
483,10.007264835381154,5,7.857716092061911,22.227366836649235,77,0
579,0.544658733777814,9,7.766401896313226,1.5649861478802203,67,0
373,5.022048748475317,10,7.560807352426477,15.884328510935601,86,0
235,0.957481618048975,5,7.248628366388095,0.3240467227297217,90,0
463,1.5505447500395995,4,7.035254396461222,1.2833885960133702,90,0
556,3.896963879537866,7,7.825244815291751,4.873384375782786,81,0
459,4.904500321467198,3,7.545131943747948,8.217161377345302,89,0
559,0.03818558182180334,2,7.502229924714439,3.846787865066747,84,0
161,0.4794327885285186,7,7.122310383377781,24.557880237410004,76,0
652,1.7325308471042136,9,7.275399368519188,7.786226436329532,100,0
755,5.396840096437288,3,7.45528022369098,13.161612676817079,71,0
587,4.4459882577048715,2,7.309162367311691,2.0960220338313804,84,0
587,1.6676760645649042,4,7.704320069594078,2.765340910182901,70,0
253,7.7633755438182845,1,7.3896403060008025,4.737704031976109,73,0
421,1.229120052062375,3,7.515400408103609,3.824275898920459,82,0
335,1.3494439722061538,6,7.220141713608293,37.39189762793885,67,0
373,0.10053224804174223,1,7.497348168411082,4.132952584116679,80,0
209,7.704986311874689,3,6.86666361589813,15.791772398858452,66,0
358,0.1044229010286358,7,7.947368988092754,8.19113211480894,90,0
148,0.4761402403926918,4,7.776520986703142,7.582180555521706,74,0
421,0.045760623005824924,2,7.591660409686144,3.4365515486476723,82,0
556,1.5547710251013775,6,7.150893119039897,11.65564026942615,93,0
486,0.39826922855828717,9,7.219629852079211,0.1683195805605914,78,0
552,2.7926303295231776,9,7.442153703590361,7.640442889910934,79,0
567,0.3858374619321225,2,7.940041180732127,0.41949461896896123,70,0
423,0.174332426320931,6,7.362231631436508,10.080075583872834,72,0
379,0.7356545786707323,9,7.816392945999457,17.59646975333775,90,0
117,4.444901309740494,5,7.039208802955154,22.356676685267676,70,0
381,0.9978283632116847,4,7.631659070364674,3.8368460178810206,71,0
694,3.498341191620368,8,7.861101438770212,1.4978869899587008,62,0
781,0.013135799202037208,1,7.506068889824194,10.025652240497163,63,0
557,1.0473482030825694,4,7.665873631950994,8.341826246290303,89,0
341,0.37728514233275523,3,7.366201217241778,39.86583768576529,93,0
320,1.7954663016908745,5,7.461114940654041,2.347076300559596,72,0
454,0.3948834546268664,5,7.851340590525314,17.488323383275834,67,0
418,1.4337333108555164,4,7.386790303522473,15.489602380605717,72,0
342,2.510279133446887,5,7.278225908325995,1.611219263036527,80,0
388,2.48022763637803,5,7.571071146918638,6.466693431205025,89,0
557,1.0658745366605922,8,7.6874826931383,27.401922882291984,73,0
658,2.9529902828872445,6,7.904475456592084,7.201249178231411,91,0
519,0.8789475383450229,6,7.6258441936832,17.09787021746784,69,0
286,6.28218488113539,5,7.46385040789362,15.851407167270409,100,0
516,2.8243347268052084,6,7.7109429264229306,10.861208116868275,86,0
436,3.604561203918256,5,7.278159439669705,16.451717515615442,91,0
292,0.1123628526621539,0,7.702469592541744,3.0064853611665256,91,0
768,0.9747459537591586,6,7.286957760251397,15.19568980552971,75,0
567,0.23152798443263892,5,7.780169043461553,7.838596641270895,86,0
715,0.6366426354194481,5,7.711997128625112,4.383241443809653,82,0
601,1.1462854543457182,4,7.639365459411913,5.420789848311683,76,0
721,1.4436007208576744,2,7.791633937216447,0.49229640770158284,76,0
399,0.061514041738458314,3,7.776636500073982,0.7122924653607692,86,0
602,2.710965205022155,4,7.217152360625685,38.03703478751271,90,0
287,0.13200965255957545,6,7.638206046832417,6.856780543552209,88,0
334,2.0489469598795504,6,7.591830879269373,5.055137661990784,89,0
603,2.4059306264822062,4,7.366951128883113,7.153453412462801,78,0
397,5.42763453063065,2,7.123799492868392,3.8450268344818035,76,0
531,0.6882990197793887,5,7.242338764348562,5.7241537170413315,81,0
407,1.5984204445758299,3,7.317291186620078,3.4932327977986475,78,0
440,3.569928962914466,10,7.3025675826326015,11.494870797948966,94,0
569,0.7888983462501981,3,7.495065068391036,22.882304755482693,85,0
457,1.3899739059761982,7,7.522963381425863,0.3835527632656818,74,0
877,3.6413713133055756,4,7.505689988329163,24.488059059423254,75,0
503,3.3707171819304143,6,7.727173620038756,19.569617666549462,72,0
640,2.6403075486574354,3,7.225124750083802,4.565159613980193,80,0
603,4.345233287451077,7,7.289179203083854,7.8037880155477986,86,0
764,1.8893820025275365,5,7.509709585930404,0.47313260355496733,89,0
576,0.632842764901378,2,7.9161283814038885,12.643873325439749,75,0
557,5.152702229831773,7,7.308530520581568,19.991851095504945,96,0
538,2.2798060551808224,5,7.5300198068847655,2.0980275537521935,64,0
398,0.9043962517889433,3,7.480971365298309,3.177093649027964,88,0
356,4.192922312826771,0,7.500451933684303,22.794651246058205,82,0
658,2.23270588245849,4,7.048529423016049,1.3021179669209797,81,0
438,0.19736798509415143,7,7.274032526858405,0.518108201955511,83,0
342,1.2778901406498753,6,7.518021923173663,18.626086326527055,64,0
439,1.5821872341413636,6,7.371273942328477,10.090747382322858,72,0
431,0.807808821746081,6,7.334438742505914,5.842082293228703,69,0
451,1.9171309301138306,3,7.450811087327902,14.78453943393962,88,0
447,1.262103656127748,4,7.3950495587254865,1.203402502973152,71,0
625,4.359359696792236,6,7.709721319223293,6.397454600725822,71,0
484,1.118615889040968,3,7.801057930386266,18.303334878673642,80,0
370,0.9448441502701205,2,7.813223376859679,0.9183044043193976,68,0
373,0.6558923681351061,10,7.752091094017448,1.06552333917154,67,0
527,0.7779746672098582,4,7.5941300522989,5.628988599207582,90,0
432,1.3261246996121139,6,7.691871310847912,6.012151980709563,70,0
355,4.329812436230904,7,7.533568554091855,7.842951843695573,93,0
231,0.590804607337692,3,6.892062296941075,3.0285286962865445,72,0
637,2.333588744987103,3,7.211332627262862,2.996584858135271,94,0
464,0.21355721202774547,6,7.435148707541485,2.3484006499901957,70,0
340,0.5571498796291199,4,7.374531217537891,4.000402418646661,89,0
360,0.3319927194687593,6,7.328608074349609,9.134667169048221,85,0
507,0.7610783251979463,5,7.78820887615955,21.438157536080674,57,0
450,1.1953006739187753,1,7.670047464020478,7.817157111234854,80,0
410,2.544480450846616,4,7.490924632581743,25.092075729840563,66,0
659,0.07100025748428958,8,7.359889519441585,1.7460649159357606,80,0
585,1.3563038547031736,4,7.6039352012869905,8.73869470276996,84,0
620,1.1754410430014683,6,7.572908508621216,4.169678887850505,92,0
315,0.3665766162580849,4,7.595229824703917,13.335604724092178,92,0
494,0.745273203993002,11,7.5765032173556905,1.3962341965354816,75,0
88,1.704196236107997,5,7.150854942785299,0.37133674867097255,86,0
441,2.3127200524213656,4,7.5046831010963775,1.8722042391913618,73,0
577,2.034660266105015,6,7.870779616512502,18.946236819663312,94,0
342,4.416755112503984,4,7.564361170131964,32.437189698536415,92,0
167,0.729691449614432,5,7.491976035781016,17.2601304480701,91,0
759,2.8463493372390363,2,7.394302655743609,4.422104462599725,98,0
305,0.6643376518524062,8,7.695662171131888,30.122409223087597,84,0
405,4.565201496597254,5,7.2782848635178405,27.807846785908072,78,0
427,1.2602254229623748,3,7.829330080931469,15.362649015988382,64,0
268,0.28541510992804564,3,7.816640476464653,1.3199753670525487,77,0
391,1.4233371611078685,4,7.853602997309439,1.2522170177583478,70,0
713,0.8757139790925329,6,7.584684055774766,18.14209700708364,80,0
587,0.5139672323384233,2,7.134246798642441,0.647649145035108,77,0
881,1.071855218976146,8,7.588790756441183,3.529363096079054,72,0
448,1.603894918419251,5,7.372136825851806,4.4825883731679355,99,0
518,3.4386494275432766,4,7.490216885911901,17.804425703583927,64,0
697,0.1736921345466376,6,7.416238679578966,2.4423331714235093,94,0
853,0.5296008244586512,7,7.913640510386473,6.914266229091596,69,0
274,0.5378858089244658,7,7.499548321227966,5.867572536366955,80,0
347,1.3763279899183725,3,7.371823643796862,0.20977722683301503,93,0
356,1.3418561813417695,5,7.315176162696752,4.707457018630405,63,0
398,1.2057531402948913,1,7.335929611352023,7.06906657988295,82,0
264,1.272420945532495,5,7.360551088426858,13.710971645330893,73,0
645,1.4102311912662377,7,7.4579718520174545,0.003703291875489858,92,0
626,1.3318906176275565,8,7.488549253996024,3.430897514529545,79,0
345,0.3967161484275658,4,7.224250776523012,7.857675045099044,77,0
365,1.1822672120315396,8,7.3337486483305465,15.86957660676431,82,0
634,2.3517506842355322,12,7.356966870949337,11.540773444899875,79,0
599,4.058075363340863,4,7.2936349375055585,2.548303182239102,83,0
215,0.9845412091561746,9,7.544095821819902,29.231037914812287,87,0
503,0.8759214146771631,7,7.286246977339577,18.509165282286958,91,0
77,5.566793480580351,4,7.507520261236439,0.44460333371023886,73,0
289,0.5949214272597098,7,7.908936087300591,4.65009108278988,77,0
690,5.449154904291472,5,7.700079544660975,1.3127742654533652,80,0
477,0.4513851216976851,3,7.511559511876562,16.067298069094758,82,0
677,3.4189810817338357,5,7.543513600521554,7.5587283859378225,90,0
299,0.47111702780277886,10,7.530611975123144,37.68298591608518,86,0
347,1.6298996815303801,4,7.33471234179061,0.8471200478429877,92,0
596,0.2855048945636713,3,7.507081784491957,3.120483153790321,76,0
652,2.1915859401398357,6,7.3893951669861835,9.999663052061429,79,0
266,0.5358070690996055,4,7.344228482088446,14.396356483418522,77,0
843,2.108490281642843,5,7.485218484557562,13.099316891249842,74,0
685,5.929499666294218,6,7.334262330057602,3.62424874487907,73,0
452,1.4356075331861606,9,7.71623871557236,40.137541955325055,79,0
552,1.0823282604059254,5,7.552042502169432,12.85671156142659,76,0
357,3.6406211222150042,6,7.377811821664796,24.716538591066648,80,0
150,0.3923915092541522,6,7.535776487213377,18.770824436495218,74,0
426,3.684075661361615,5,7.665223166183766,8.094333101718863,75,0
421,0.4412507359018119,1,7.616059772300799,34.929683878135364,86,0
584,1.3776040676609171,6,7.136991383004233,14.677977738881651,92,0
497,1.288118688806631,4,7.441465363715437,0.17586191278526664,93,0
714,3.3974822965864115,5,7.686493199627121,10.868960741908179,89,0
470,5.009521566935445,7,7.326674437293725,1.5200971899342113,92,0
568,0.23001024210386903,4,7.187142182368752,20.67818580505353,62,0
446,0.25232598044407806,5,7.445092221275864,9.088870853442094,78,0
647,4.475411409915993,4,7.332363986403505,1.123664290376052,84,0
394,0.6515739991341005,4,7.197856775953772,18.356776940676863,70,0
403,0.15471586149705344,7,7.210155886473009,4.26387343509666,68,0
870,2.3229450483560794,4,7.204352478939005,6.822806493186961,79,0
475,1.5451443610153315,9,7.3945717546548275,8.792113657145041,71,0
246,2.3159024568484416,5,7.582909186225577,24.51571479395212,68,0
560,0.49864443519502044,8,7.767156783722343,16.68366274891332,75,0
346,0.21043815655633907,5,7.311944476904994,4.364774120916634,76,0
570,0.6592122829994613,6,7.462710119736187,11.712496992955232,81,0
722,2.473219505151052,8,7.536984617365778,7.816718585963805,72,0
485,0.23278905750450574,5,7.855152255957592,9.634306636404432,76,0
449,0.34419580793544935,5,7.568666596832667,2.3298789912220474,82,0
505,1.6117332065734689,2,7.355852779456627,11.56347891686293,88,0
660,1.9735713987400292,6,7.320346416031387,3.9756126040270354,59,0
581,7.3049302649334535,7,7.515388791948696,3.3382920611934996,77,0
439,2.061264103242087,9,7.6063267153831,0.8142647866965204,99,0
473,1.2162538845975224,5,7.457078409728241,7.1810174315775015,80,0
379,2.55415310678461,7,7.192928258314843,2.027179936475855,88,0
478,4.427656105239365,6,7.398509069444419,18.032130281375828,85,0
476,1.0506238131127679,6,7.31569491012062,2.3174020708200653,78,0
542,3.5652998996320813,6,7.81257916103216,38.74249914972163,56,0
640,1.1440886076814196,6,7.212944911773283,4.35724912954193,69,0
530,2.2715283267164463,6,7.3891884751037775,9.940535214348959,95,0
313,0.8286846431654273,5,7.315341384549004,21.089594796023317,88,0
389,1.8116290743988015,3,7.442146874567448,1.3473074682245536,79,0
281,1.343672813212328,3,7.8212649502312965,0.6428330553171003,68,0
397,0.10207225999061154,6,7.361138962741368,1.6541549922006327,73,0
348,1.5437494082241727,9,7.398920287377026,13.450395572056342,80,0
620,0.8313380471602653,8,7.723430562056409,1.9643705243549228,94,0
458,5.68948247193134,6,7.405119338439704,2.563517183136123,73,0
476,0.03647939123108712,6,7.873164255817449,17.951149749768117,88,0
544,2.2793605269965838,5,7.6428376244964635,13.77103994223691,67,0
692,1.1032366918413081,7,7.785773409511023,2.5933099335350485,69,0
417,0.6887886834459087,2,7.940740236151519,3.73972463175049,73,0
524,3.3839008087969646,3,7.127289292996926,3.322580632562148,75,0
354,0.7013552044022143,4,7.702234654580474,21.232208716159818,93,0
583,2.1668718225759553,7,7.517513309124268,13.465007165740545,79,0
522,0.6766167676465463,2,7.563205082136675,5.582040755819429,88,0
486,2.7797738292381715,7,7.7526704604912275,9.314617077228693,65,0
558,1.7244937407209817,1,7.407583248812221,1.1904228303571291,97,0
130,0.6885979710445774,6,7.403361040012185,19.85160871035879,87,0
435,1.4265573011294923,4,7.627950280426421,8.462659160913674,81,0
405,3.481637328394889,5,7.224224774263467,3.144414400014122,48,0
370,3.080772719250152,5,7.75188523696742,10.704704246824601,77,0
545,0.5572458372648095,5,7.120083858455089,30.582045552651046,83,0
431,1.26989626945723,7,7.203474565669788,7.526707405131987,74,0
669,1.5287185331446422,3,7.444119226834009,3.9222044382957804,82,0
402,0.30195192212184124,6,7.259905415497226,10.817921868226714,91,0
468,2.528004515434997,4,7.400639145797849,2.0734950051531005,94,0
624,0.302533771298244,5,7.65380005372918,42.45811426417671,85,0
574,4.981661434200499,3,7.606277349521228,9.117129253598815,83,0
506,1.26780153175359,4,7.520739402532394,18.664980904878657,70,0
531,1.1042750883097816,5,7.414328065432997,11.714340386816101,62,0
438,7.263576550578055,3,7.498697653264922,25.487412613029527,97,0
362,1.050202025518294,10,7.654695542225947,1.4544507272958884,74,0
766,6.31016767145796,6,7.4177876202792845,6.3006188143623,80,0
531,0.36858335375709633,6,7.5559519306368,9.50471827558249,64,0
654,2.3309819198612,5,7.176441216351663,9.452907010578794,97,0
477,1.8552554376788133,6,7.320758039000297,37.0920865774721,75,0
669,3.2193577796173583,5,7.452167795898133,0.9180547817661016,87,0
569,2.159086496083445,4,7.400938849548672,6.625533646181264,89,0
400,0.8062981111019044,3,7.089837864410599,20.123115163568773,62,0
371,0.36642967139247357,6,7.385868720351413,6.984917758309015,73,0
742,4.1017500212067,7,7.298973505276942,13.472791481592276,62,0
489,0.021292987309822653,8,7.213276744016638,9.50185085431324,81,0
385,1.8076564360717295,5,7.590132296085528,11.354318578232762,95,0
297,1.1006581112146658,4,7.264853104601397,35.383246093439084,84,0
482,7.6110179794448864,3,7.632216555753894,37.84061012201928,66,0
318,1.7533525805365626,4,7.389309366047588,3.7601515832047565,72,0
536,2.401541481745466,10,7.371497060811213,10.123193522989975,69,0
500,1.1225111136442532,5,7.556386298845796,16.465435312281063,83,0
570,4.302703125786528,7,7.340457268642036,3.2362570991476614,81,0
817,2.289629943992038,7,7.731673344605381,4.452445047692172,71,0
501,3.168173316312825,7,7.64736302663367,3.0905802179022253,75,0
381,4.415610590597237,6,7.314442091354868,13.79269713053886,76,0
462,0.4814606203870211,4,7.608899034728461,1.8092629901284452,77,0
724,2.420704504729566,6,7.663025291970929,1.2347839575823627,78,0
775,0.4244162922965564,3,7.198832518588274,7.299952323334794,87,0
527,7.352602944538355,3,7.598615174177869,1.1246691536332867,72,0
382,3.3331442841234304,5,7.501417029345305,0.5107324799688144,94,0
595,0.45518700485139263,4,7.414215428431161,11.838984241308578,84,0
530,0.5876203620290154,2,7.275983074747639,14.224296634869189,61,0
537,0.1467043594490167,8,7.661531765519966,4.354577432418166,62,0
664,2.5710785886406953,4,7.81539264795364,4.7912136368176235,82,0
576,3.2642097756536637,4,7.564886915078395,8.698429879604577,55,0
454,0.6961755651754693,7,7.420809388962212,4.942428199102043,79,0
668,0.6103952094507388,4,7.713505428836666,3.9778559305027494,85,0
388,2.354385839827076,4,7.9774196957789165,10.34041559630596,79,0
333,0.23297898613838652,2,7.183901225210723,2.408597866328599,78,0
370,1.4953889549214008,7,7.655536634030327,17.953815012381533,96,0
427,4.431622294770475,2,7.226401412569974,27.638002320131463,80,0
668,1.171771974816953,7,7.372973718461898,3.048017656471383,86,0
541,3.63411997072884,4,7.533935100467093,7.603872494684623,80,0
336,0.3972239052332301,8,7.499181819238344,16.465322896680476,82,0
525,0.21171063941009838,9,7.555119335436297,28.01050587235605,75,0
436,0.8298034570607534,2,7.723032618525538,4.256150805990323,66,0
583,1.840992476168595,7,7.571376991094881,2.1254153369304465,85,0
485,2.083648358499644,7,7.536084724607519,12.176108951048617,90,0
415,4.579615246711164,10,7.259233521828484,5.481247254869429,77,0
642,2.968087129915991,5,7.8568041043382975,14.665014037664621,87,0
418,0.9157500352314492,5,7.270021233235122,6.544087464622641,73,0
537,3.2193313555588046,6,7.238378573247658,6.118613011556343,76,0
798,0.8887958418080699,6,7.329744523740089,0.7430245950295309,100,0
600,1.7518908908967248,3,7.634218597944506,12.518289550289632,98,0
556,3.2538387749396507,5,7.316107630667954,14.086946609735664,68,0
329,4.153621846517458,6,7.382793374999428,10.24137082699933,100,0
547,2.9980291509077097,8,7.462821192979749,7.032408947322426,85,0
625,0.5162823435622294,6,7.253405597729941,18.317407133873335,82,0
407,0.0444213245346358,6,7.398274822789516,31.084633162015358,47,0
585,2.1247149037928312,4,7.675520132723923,5.368854555139695,62,0
935,0.5195469402833357,5,7.862320791642899,8.94014795159921,84,0
515,1.1763821265530012,7,7.58588501749308,4.933684920448935,83,0
644,2.2258091723872693,6,7.765157280327435,4.2484528012607266,78,0
814,0.6756574055844626,3,7.304009814707603,6.720249260100099,66,0
500,1.853390335488852,5,7.715843533876819,5.003262635958269,80,0
435,0.5200933220407746,9,7.223427696169927,6.617019940325171,72,0
388,1.6685585488125594,2,7.826506079001366,4.976640417287712,74,0
498,0.5622208609255319,6,7.538800135500982,0.27997358225683583,56,0
550,3.428668569550397,6,7.928522356270263,7.499451981608184,92,0
751,6.054524533616868,3,7.207431645751642,10.651906602923669,91,0
556,2.6898542109413794,7,7.46709329466647,17.14342119130172,68,0
505,0.9076191755919856,6,7.22816558361257,18.43447357407364,91,0
571,0.3413528703422303,5,7.514655430605872,9.23150141282468,77,0
276,1.021739177417244,4,7.444830421179368,5.954603140633557,95,0
721,0.06410281027090141,7,7.5299490447923025,16.888450461538522,78,0
246,0.2992354616642267,2,7.412292343485095,1.8442253552812105,71,0
